trial_num,prompt,choice,reward,cumulative_reward
1,"You are participating in multiple games involving two slot machines, labeled U and P.
You can choose a slot machine by pressing its corresponding key.When you select one of the machines, you will win 1 or 0 points.Your goal is to choose the slot machines that will give you the most points.You will receive feedback about the outcome after making a choice.
The environment may change unpredictably, and past success does not guarantee future results. You’ll need to adapt to these changes to keep finding the better machine.You will play 1 game in total, consisting of 100 trials. Game 1. There are 100 trials in this game.You press <<",U,1,1
2,"You are participating in multiple games involving two slot machines, labeled U and P.
You can choose a slot machine by pressing its corresponding key.When you select one of the machines, you will win 1 or 0 points.Your goal is to choose the slot machines that will give you the most points.You will receive feedback about the outcome after making a choice.
The environment may change unpredictably, and past success does not guarantee future results. You’ll need to adapt to these changes to keep finding the better machine.You will play 1 game in total, consisting of 100 trials. Game 1. There are 100 trials in this game.You press <<U> and get 1 points.
You press <<",U,1,2
3,"You are participating in multiple games involving two slot machines, labeled U and P.
You can choose a slot machine by pressing its corresponding key.When you select one of the machines, you will win 1 or 0 points.Your goal is to choose the slot machines that will give you the most points.You will receive feedback about the outcome after making a choice.
The environment may change unpredictably, and past success does not guarantee future results. You’ll need to adapt to these changes to keep finding the better machine.You will play 1 game in total, consisting of 100 trials. Game 1. There are 100 trials in this game.You press <<U> and get 1 points.
You press <<U> and get 1 points.
You press <<",U,1,3
4,"You are participating in multiple games involving two slot machines, labeled U and P.
You can choose a slot machine by pressing its corresponding key.When you select one of the machines, you will win 1 or 0 points.Your goal is to choose the slot machines that will give you the most points.You will receive feedback about the outcome after making a choice.
The environment may change unpredictably, and past success does not guarantee future results. You’ll need to adapt to these changes to keep finding the better machine.You will play 1 game in total, consisting of 100 trials. Game 1. There are 100 trials in this game.You press <<U> and get 1 points.
You press <<U> and get 1 points.
You press <<U> and get 1 points.
You press <<",U,0,3
5,"You are participating in multiple games involving two slot machines, labeled U and P.
You can choose a slot machine by pressing its corresponding key.When you select one of the machines, you will win 1 or 0 points.Your goal is to choose the slot machines that will give you the most points.You will receive feedback about the outcome after making a choice.
The environment may change unpredictably, and past success does not guarantee future results. You’ll need to adapt to these changes to keep finding the better machine.You will play 1 game in total, consisting of 100 trials. Game 1. There are 100 trials in this game.You press <<U> and get 1 points.
You press <<U> and get 1 points.
You press <<U> and get 1 points.
You press <<U> and get 0 points.
You press <<",U,1,4
6,"You are participating in multiple games involving two slot machines, labeled U and P.
You can choose a slot machine by pressing its corresponding key.When you select one of the machines, you will win 1 or 0 points.Your goal is to choose the slot machines that will give you the most points.You will receive feedback about the outcome after making a choice.
The environment may change unpredictably, and past success does not guarantee future results. You’ll need to adapt to these changes to keep finding the better machine.You will play 1 game in total, consisting of 100 trials. Game 1. There are 100 trials in this game.You press <<U> and get 1 points.
You press <<U> and get 1 points.
You press <<U> and get 1 points.
You press <<U> and get 0 points.
You press <<U> and get 1 points.
You press <<",U,1,5
7,"You are participating in multiple games involving two slot machines, labeled U and P.
You can choose a slot machine by pressing its corresponding key.When you select one of the machines, you will win 1 or 0 points.Your goal is to choose the slot machines that will give you the most points.You will receive feedback about the outcome after making a choice.
The environment may change unpredictably, and past success does not guarantee future results. You’ll need to adapt to these changes to keep finding the better machine.You will play 1 game in total, consisting of 100 trials. Game 1. There are 100 trials in this game.You press <<U> and get 1 points.
You press <<U> and get 1 points.
You press <<U> and get 0 points.
You press <<U> and get 1 points.
You press <<U> and get 1 points.
You press <<",U,1,6
8,"You are participating in multiple games involving two slot machines, labeled U and P.
You can choose a slot machine by pressing its corresponding key.When you select one of the machines, you will win 1 or 0 points.Your goal is to choose the slot machines that will give you the most points.You will receive feedback about the outcome after making a choice.
The environment may change unpredictably, and past success does not guarantee future results. You’ll need to adapt to these changes to keep finding the better machine.You will play 1 game in total, consisting of 100 trials. Game 1. There are 100 trials in this game.You press <<U> and get 1 points.
You press <<U> and get 0 points.
You press <<U> and get 1 points.
You press <<U> and get 1 points.
You press <<U> and get 1 points.
You press <<",U,1,7
9,"You are participating in multiple games involving two slot machines, labeled U and P.
You can choose a slot machine by pressing its corresponding key.When you select one of the machines, you will win 1 or 0 points.Your goal is to choose the slot machines that will give you the most points.You will receive feedback about the outcome after making a choice.
The environment may change unpredictably, and past success does not guarantee future results. You’ll need to adapt to these changes to keep finding the better machine.You will play 1 game in total, consisting of 100 trials. Game 1. There are 100 trials in this game.You press <<U> and get 0 points.
You press <<U> and get 1 points.
You press <<U> and get 1 points.
You press <<U> and get 1 points.
You press <<U> and get 1 points.
You press <<",U,1,8
10,"You are participating in multiple games involving two slot machines, labeled U and P.
You can choose a slot machine by pressing its corresponding key.When you select one of the machines, you will win 1 or 0 points.Your goal is to choose the slot machines that will give you the most points.You will receive feedback about the outcome after making a choice.
The environment may change unpredictably, and past success does not guarantee future results. You’ll need to adapt to these changes to keep finding the better machine.You will play 1 game in total, consisting of 100 trials. Game 1. There are 100 trials in this game.You press <<U> and get 1 points.
You press <<U> and get 1 points.
You press <<U> and get 1 points.
You press <<U> and get 1 points.
You press <<U> and get 1 points.
You press <<",U,0,8
11,"You are participating in multiple games involving two slot machines, labeled U and P.
You can choose a slot machine by pressing its corresponding key.When you select one of the machines, you will win 1 or 0 points.Your goal is to choose the slot machines that will give you the most points.You will receive feedback about the outcome after making a choice.
The environment may change unpredictably, and past success does not guarantee future results. You’ll need to adapt to these changes to keep finding the better machine.You will play 1 game in total, consisting of 100 trials. Game 1. There are 100 trials in this game.You press <<U> and get 1 points.
You press <<U> and get 1 points.
You press <<U> and get 1 points.
You press <<U> and get 1 points.
You press <<U> and get 0 points.
You press <<",P,1,9
12,"You are participating in multiple games involving two slot machines, labeled U and P.
You can choose a slot machine by pressing its corresponding key.When you select one of the machines, you will win 1 or 0 points.Your goal is to choose the slot machines that will give you the most points.You will receive feedback about the outcome after making a choice.
The environment may change unpredictably, and past success does not guarantee future results. You’ll need to adapt to these changes to keep finding the better machine.You will play 1 game in total, consisting of 100 trials. Game 1. There are 100 trials in this game.You press <<U> and get 1 points.
You press <<U> and get 1 points.
You press <<U> and get 1 points.
You press <<U> and get 0 points.
You press <<P> and get 1 points.
You press <<",P,1,10
13,"You are participating in multiple games involving two slot machines, labeled U and P.
You can choose a slot machine by pressing its corresponding key.When you select one of the machines, you will win 1 or 0 points.Your goal is to choose the slot machines that will give you the most points.You will receive feedback about the outcome after making a choice.
The environment may change unpredictably, and past success does not guarantee future results. You’ll need to adapt to these changes to keep finding the better machine.You will play 1 game in total, consisting of 100 trials. Game 1. There are 100 trials in this game.You press <<U> and get 1 points.
You press <<U> and get 1 points.
You press <<U> and get 0 points.
You press <<P> and get 1 points.
You press <<P> and get 1 points.
You press <<",U,1,11
14,"You are participating in multiple games involving two slot machines, labeled U and P.
You can choose a slot machine by pressing its corresponding key.When you select one of the machines, you will win 1 or 0 points.Your goal is to choose the slot machines that will give you the most points.You will receive feedback about the outcome after making a choice.
The environment may change unpredictably, and past success does not guarantee future results. You’ll need to adapt to these changes to keep finding the better machine.You will play 1 game in total, consisting of 100 trials. Game 1. There are 100 trials in this game.You press <<U> and get 1 points.
You press <<U> and get 0 points.
You press <<P> and get 1 points.
You press <<P> and get 1 points.
You press <<U> and get 1 points.
You press <<",P,0,11
15,"You are participating in multiple games involving two slot machines, labeled U and P.
You can choose a slot machine by pressing its corresponding key.When you select one of the machines, you will win 1 or 0 points.Your goal is to choose the slot machines that will give you the most points.You will receive feedback about the outcome after making a choice.
The environment may change unpredictably, and past success does not guarantee future results. You’ll need to adapt to these changes to keep finding the better machine.You will play 1 game in total, consisting of 100 trials. Game 1. There are 100 trials in this game.You press <<U> and get 0 points.
You press <<P> and get 1 points.
You press <<P> and get 1 points.
You press <<U> and get 1 points.
You press <<P> and get 0 points.
You press <<",U,1,12
16,"You are participating in multiple games involving two slot machines, labeled U and P.
You can choose a slot machine by pressing its corresponding key.When you select one of the machines, you will win 1 or 0 points.Your goal is to choose the slot machines that will give you the most points.You will receive feedback about the outcome after making a choice.
The environment may change unpredictably, and past success does not guarantee future results. You’ll need to adapt to these changes to keep finding the better machine.You will play 1 game in total, consisting of 100 trials. Game 1. There are 100 trials in this game.You press <<P> and get 1 points.
You press <<P> and get 1 points.
You press <<U> and get 1 points.
You press <<P> and get 0 points.
You press <<U> and get 1 points.
You press <<",U,1,13
17,"You are participating in multiple games involving two slot machines, labeled U and P.
You can choose a slot machine by pressing its corresponding key.When you select one of the machines, you will win 1 or 0 points.Your goal is to choose the slot machines that will give you the most points.You will receive feedback about the outcome after making a choice.
The environment may change unpredictably, and past success does not guarantee future results. You’ll need to adapt to these changes to keep finding the better machine.You will play 1 game in total, consisting of 100 trials. Game 1. There are 100 trials in this game.You press <<P> and get 1 points.
You press <<U> and get 1 points.
You press <<P> and get 0 points.
You press <<U> and get 1 points.
You press <<U> and get 1 points.
You press <<",P,0,13
18,"You are participating in multiple games involving two slot machines, labeled U and P.
You can choose a slot machine by pressing its corresponding key.When you select one of the machines, you will win 1 or 0 points.Your goal is to choose the slot machines that will give you the most points.You will receive feedback about the outcome after making a choice.
The environment may change unpredictably, and past success does not guarantee future results. You’ll need to adapt to these changes to keep finding the better machine.You will play 1 game in total, consisting of 100 trials. Game 1. There are 100 trials in this game.You press <<U> and get 1 points.
You press <<P> and get 0 points.
You press <<U> and get 1 points.
You press <<U> and get 1 points.
You press <<P> and get 0 points.
You press <<",U,1,14
19,"You are participating in multiple games involving two slot machines, labeled U and P.
You can choose a slot machine by pressing its corresponding key.When you select one of the machines, you will win 1 or 0 points.Your goal is to choose the slot machines that will give you the most points.You will receive feedback about the outcome after making a choice.
The environment may change unpredictably, and past success does not guarantee future results. You’ll need to adapt to these changes to keep finding the better machine.You will play 1 game in total, consisting of 100 trials. Game 1. There are 100 trials in this game.You press <<P> and get 0 points.
You press <<U> and get 1 points.
You press <<U> and get 1 points.
You press <<P> and get 0 points.
You press <<U> and get 1 points.
You press <<",U,1,15
20,"You are participating in multiple games involving two slot machines, labeled U and P.
You can choose a slot machine by pressing its corresponding key.When you select one of the machines, you will win 1 or 0 points.Your goal is to choose the slot machines that will give you the most points.You will receive feedback about the outcome after making a choice.
The environment may change unpredictably, and past success does not guarantee future results. You’ll need to adapt to these changes to keep finding the better machine.You will play 1 game in total, consisting of 100 trials. Game 1. There are 100 trials in this game.You press <<U> and get 1 points.
You press <<U> and get 1 points.
You press <<P> and get 0 points.
You press <<U> and get 1 points.
You press <<U> and get 1 points.
You press <<",P,0,15
21,"You are participating in multiple games involving two slot machines, labeled U and P.
You can choose a slot machine by pressing its corresponding key.When you select one of the machines, you will win 1 or 0 points.Your goal is to choose the slot machines that will give you the most points.You will receive feedback about the outcome after making a choice.
The environment may change unpredictably, and past success does not guarantee future results. You’ll need to adapt to these changes to keep finding the better machine.You will play 1 game in total, consisting of 100 trials. Game 1. There are 100 trials in this game.You press <<U> and get 1 points.
You press <<P> and get 0 points.
You press <<U> and get 1 points.
You press <<U> and get 1 points.
You press <<P> and get 0 points.
You press <<",U,1,16
22,"You are participating in multiple games involving two slot machines, labeled U and P.
You can choose a slot machine by pressing its corresponding key.When you select one of the machines, you will win 1 or 0 points.Your goal is to choose the slot machines that will give you the most points.You will receive feedback about the outcome after making a choice.
The environment may change unpredictably, and past success does not guarantee future results. You’ll need to adapt to these changes to keep finding the better machine.You will play 1 game in total, consisting of 100 trials. Game 1. There are 100 trials in this game.You press <<P> and get 0 points.
You press <<U> and get 1 points.
You press <<U> and get 1 points.
You press <<P> and get 0 points.
You press <<U> and get 1 points.
You press <<",U,1,17
23,"You are participating in multiple games involving two slot machines, labeled U and P.
You can choose a slot machine by pressing its corresponding key.When you select one of the machines, you will win 1 or 0 points.Your goal is to choose the slot machines that will give you the most points.You will receive feedback about the outcome after making a choice.
The environment may change unpredictably, and past success does not guarantee future results. You’ll need to adapt to these changes to keep finding the better machine.You will play 1 game in total, consisting of 100 trials. Game 1. There are 100 trials in this game.You press <<U> and get 1 points.
You press <<U> and get 1 points.
You press <<P> and get 0 points.
You press <<U> and get 1 points.
You press <<U> and get 1 points.
You press <<",U,1,18
24,"You are participating in multiple games involving two slot machines, labeled U and P.
You can choose a slot machine by pressing its corresponding key.When you select one of the machines, you will win 1 or 0 points.Your goal is to choose the slot machines that will give you the most points.You will receive feedback about the outcome after making a choice.
The environment may change unpredictably, and past success does not guarantee future results. You’ll need to adapt to these changes to keep finding the better machine.You will play 1 game in total, consisting of 100 trials. Game 1. There are 100 trials in this game.You press <<U> and get 1 points.
You press <<P> and get 0 points.
You press <<U> and get 1 points.
You press <<U> and get 1 points.
You press <<U> and get 1 points.
You press <<",U,1,19
25,"You are participating in multiple games involving two slot machines, labeled U and P.
You can choose a slot machine by pressing its corresponding key.When you select one of the machines, you will win 1 or 0 points.Your goal is to choose the slot machines that will give you the most points.You will receive feedback about the outcome after making a choice.
The environment may change unpredictably, and past success does not guarantee future results. You’ll need to adapt to these changes to keep finding the better machine.You will play 1 game in total, consisting of 100 trials. Game 1. There are 100 trials in this game.You press <<P> and get 0 points.
You press <<U> and get 1 points.
You press <<U> and get 1 points.
You press <<U> and get 1 points.
You press <<U> and get 1 points.
You press <<",U,1,20
26,"You are participating in multiple games involving two slot machines, labeled U and P.
You can choose a slot machine by pressing its corresponding key.When you select one of the machines, you will win 1 or 0 points.Your goal is to choose the slot machines that will give you the most points.You will receive feedback about the outcome after making a choice.
The environment may change unpredictably, and past success does not guarantee future results. You’ll need to adapt to these changes to keep finding the better machine.You will play 1 game in total, consisting of 100 trials. Game 1. There are 100 trials in this game.You press <<U> and get 1 points.
You press <<U> and get 1 points.
You press <<U> and get 1 points.
You press <<U> and get 1 points.
You press <<U> and get 1 points.
You press <<",U,1,21
27,"You are participating in multiple games involving two slot machines, labeled U and P.
You can choose a slot machine by pressing its corresponding key.When you select one of the machines, you will win 1 or 0 points.Your goal is to choose the slot machines that will give you the most points.You will receive feedback about the outcome after making a choice.
The environment may change unpredictably, and past success does not guarantee future results. You’ll need to adapt to these changes to keep finding the better machine.You will play 1 game in total, consisting of 100 trials. Game 1. There are 100 trials in this game.You press <<U> and get 1 points.
You press <<U> and get 1 points.
You press <<U> and get 1 points.
You press <<U> and get 1 points.
You press <<U> and get 1 points.
You press <<",U,1,22
28,"You are participating in multiple games involving two slot machines, labeled U and P.
You can choose a slot machine by pressing its corresponding key.When you select one of the machines, you will win 1 or 0 points.Your goal is to choose the slot machines that will give you the most points.You will receive feedback about the outcome after making a choice.
The environment may change unpredictably, and past success does not guarantee future results. You’ll need to adapt to these changes to keep finding the better machine.You will play 1 game in total, consisting of 100 trials. Game 1. There are 100 trials in this game.You press <<U> and get 1 points.
You press <<U> and get 1 points.
You press <<U> and get 1 points.
You press <<U> and get 1 points.
You press <<U> and get 1 points.
You press <<",P,0,22
29,"You are participating in multiple games involving two slot machines, labeled U and P.
You can choose a slot machine by pressing its corresponding key.When you select one of the machines, you will win 1 or 0 points.Your goal is to choose the slot machines that will give you the most points.You will receive feedback about the outcome after making a choice.
The environment may change unpredictably, and past success does not guarantee future results. You’ll need to adapt to these changes to keep finding the better machine.You will play 1 game in total, consisting of 100 trials. Game 1. There are 100 trials in this game.You press <<U> and get 1 points.
You press <<U> and get 1 points.
You press <<U> and get 1 points.
You press <<U> and get 1 points.
You press <<P> and get 0 points.
You press <<",U,1,23
30,"You are participating in multiple games involving two slot machines, labeled U and P.
You can choose a slot machine by pressing its corresponding key.When you select one of the machines, you will win 1 or 0 points.Your goal is to choose the slot machines that will give you the most points.You will receive feedback about the outcome after making a choice.
The environment may change unpredictably, and past success does not guarantee future results. You’ll need to adapt to these changes to keep finding the better machine.You will play 1 game in total, consisting of 100 trials. Game 1. There are 100 trials in this game.You press <<U> and get 1 points.
You press <<U> and get 1 points.
You press <<U> and get 1 points.
You press <<P> and get 0 points.
You press <<U> and get 1 points.
You press <<",P,0,23
31,"You are participating in multiple games involving two slot machines, labeled U and P.
You can choose a slot machine by pressing its corresponding key.When you select one of the machines, you will win 1 or 0 points.Your goal is to choose the slot machines that will give you the most points.You will receive feedback about the outcome after making a choice.
The environment may change unpredictably, and past success does not guarantee future results. You’ll need to adapt to these changes to keep finding the better machine.You will play 1 game in total, consisting of 100 trials. Game 1. There are 100 trials in this game.You press <<U> and get 1 points.
You press <<U> and get 1 points.
You press <<P> and get 0 points.
You press <<U> and get 1 points.
You press <<P> and get 0 points.
You press <<",U,1,24
32,"You are participating in multiple games involving two slot machines, labeled U and P.
You can choose a slot machine by pressing its corresponding key.When you select one of the machines, you will win 1 or 0 points.Your goal is to choose the slot machines that will give you the most points.You will receive feedback about the outcome after making a choice.
The environment may change unpredictably, and past success does not guarantee future results. You’ll need to adapt to these changes to keep finding the better machine.You will play 1 game in total, consisting of 100 trials. Game 1. There are 100 trials in this game.You press <<U> and get 1 points.
You press <<P> and get 0 points.
You press <<U> and get 1 points.
You press <<P> and get 0 points.
You press <<U> and get 1 points.
You press <<",U,1,25
33,"You are participating in multiple games involving two slot machines, labeled U and P.
You can choose a slot machine by pressing its corresponding key.When you select one of the machines, you will win 1 or 0 points.Your goal is to choose the slot machines that will give you the most points.You will receive feedback about the outcome after making a choice.
The environment may change unpredictably, and past success does not guarantee future results. You’ll need to adapt to these changes to keep finding the better machine.You will play 1 game in total, consisting of 100 trials. Game 1. There are 100 trials in this game.You press <<P> and get 0 points.
You press <<U> and get 1 points.
You press <<P> and get 0 points.
You press <<U> and get 1 points.
You press <<U> and get 1 points.
You press <<",P,0,25
34,"You are participating in multiple games involving two slot machines, labeled U and P.
You can choose a slot machine by pressing its corresponding key.When you select one of the machines, you will win 1 or 0 points.Your goal is to choose the slot machines that will give you the most points.You will receive feedback about the outcome after making a choice.
The environment may change unpredictably, and past success does not guarantee future results. You’ll need to adapt to these changes to keep finding the better machine.You will play 1 game in total, consisting of 100 trials. Game 1. There are 100 trials in this game.You press <<U> and get 1 points.
You press <<P> and get 0 points.
You press <<U> and get 1 points.
You press <<U> and get 1 points.
You press <<P> and get 0 points.
You press <<",P,1,26
35,"You are participating in multiple games involving two slot machines, labeled U and P.
You can choose a slot machine by pressing its corresponding key.When you select one of the machines, you will win 1 or 0 points.Your goal is to choose the slot machines that will give you the most points.You will receive feedback about the outcome after making a choice.
The environment may change unpredictably, and past success does not guarantee future results. You’ll need to adapt to these changes to keep finding the better machine.You will play 1 game in total, consisting of 100 trials. Game 1. There are 100 trials in this game.You press <<P> and get 0 points.
You press <<U> and get 1 points.
You press <<U> and get 1 points.
You press <<P> and get 0 points.
You press <<P> and get 1 points.
You press <<",U,1,27
36,"You are participating in multiple games involving two slot machines, labeled U and P.
You can choose a slot machine by pressing its corresponding key.When you select one of the machines, you will win 1 or 0 points.Your goal is to choose the slot machines that will give you the most points.You will receive feedback about the outcome after making a choice.
The environment may change unpredictably, and past success does not guarantee future results. You’ll need to adapt to these changes to keep finding the better machine.You will play 1 game in total, consisting of 100 trials. Game 1. There are 100 trials in this game.You press <<U> and get 1 points.
You press <<U> and get 1 points.
You press <<P> and get 0 points.
You press <<P> and get 1 points.
You press <<U> and get 1 points.
You press <<",U,1,28
37,"You are participating in multiple games involving two slot machines, labeled U and P.
You can choose a slot machine by pressing its corresponding key.When you select one of the machines, you will win 1 or 0 points.Your goal is to choose the slot machines that will give you the most points.You will receive feedback about the outcome after making a choice.
The environment may change unpredictably, and past success does not guarantee future results. You’ll need to adapt to these changes to keep finding the better machine.You will play 1 game in total, consisting of 100 trials. Game 1. There are 100 trials in this game.You press <<U> and get 1 points.
You press <<P> and get 0 points.
You press <<P> and get 1 points.
You press <<U> and get 1 points.
You press <<U> and get 1 points.
You press <<",P,0,28
38,"You are participating in multiple games involving two slot machines, labeled U and P.
You can choose a slot machine by pressing its corresponding key.When you select one of the machines, you will win 1 or 0 points.Your goal is to choose the slot machines that will give you the most points.You will receive feedback about the outcome after making a choice.
The environment may change unpredictably, and past success does not guarantee future results. You’ll need to adapt to these changes to keep finding the better machine.You will play 1 game in total, consisting of 100 trials. Game 1. There are 100 trials in this game.You press <<P> and get 0 points.
You press <<P> and get 1 points.
You press <<U> and get 1 points.
You press <<U> and get 1 points.
You press <<P> and get 0 points.
You press <<",P,0,28
39,"You are participating in multiple games involving two slot machines, labeled U and P.
You can choose a slot machine by pressing its corresponding key.When you select one of the machines, you will win 1 or 0 points.Your goal is to choose the slot machines that will give you the most points.You will receive feedback about the outcome after making a choice.
The environment may change unpredictably, and past success does not guarantee future results. You’ll need to adapt to these changes to keep finding the better machine.You will play 1 game in total, consisting of 100 trials. Game 1. There are 100 trials in this game.You press <<P> and get 1 points.
You press <<U> and get 1 points.
You press <<U> and get 1 points.
You press <<P> and get 0 points.
You press <<P> and get 0 points.
You press <<",U,1,29
40,"You are participating in multiple games involving two slot machines, labeled U and P.
You can choose a slot machine by pressing its corresponding key.When you select one of the machines, you will win 1 or 0 points.Your goal is to choose the slot machines that will give you the most points.You will receive feedback about the outcome after making a choice.
The environment may change unpredictably, and past success does not guarantee future results. You’ll need to adapt to these changes to keep finding the better machine.You will play 1 game in total, consisting of 100 trials. Game 1. There are 100 trials in this game.You press <<U> and get 1 points.
You press <<U> and get 1 points.
You press <<P> and get 0 points.
You press <<P> and get 0 points.
You press <<U> and get 1 points.
You press <<",U,1,30
41,"You are participating in multiple games involving two slot machines, labeled U and P.
You can choose a slot machine by pressing its corresponding key.When you select one of the machines, you will win 1 or 0 points.Your goal is to choose the slot machines that will give you the most points.You will receive feedback about the outcome after making a choice.
The environment may change unpredictably, and past success does not guarantee future results. You’ll need to adapt to these changes to keep finding the better machine.You will play 1 game in total, consisting of 100 trials. Game 1. There are 100 trials in this game.You press <<U> and get 1 points.
You press <<P> and get 0 points.
You press <<P> and get 0 points.
You press <<U> and get 1 points.
You press <<U> and get 1 points.
You press <<",U,1,31
42,"You are participating in multiple games involving two slot machines, labeled U and P.
You can choose a slot machine by pressing its corresponding key.When you select one of the machines, you will win 1 or 0 points.Your goal is to choose the slot machines that will give you the most points.You will receive feedback about the outcome after making a choice.
The environment may change unpredictably, and past success does not guarantee future results. You’ll need to adapt to these changes to keep finding the better machine.You will play 1 game in total, consisting of 100 trials. Game 1. There are 100 trials in this game.You press <<P> and get 0 points.
You press <<P> and get 0 points.
You press <<U> and get 1 points.
You press <<U> and get 1 points.
You press <<U> and get 1 points.
You press <<",U,1,32
43,"You are participating in multiple games involving two slot machines, labeled U and P.
You can choose a slot machine by pressing its corresponding key.When you select one of the machines, you will win 1 or 0 points.Your goal is to choose the slot machines that will give you the most points.You will receive feedback about the outcome after making a choice.
The environment may change unpredictably, and past success does not guarantee future results. You’ll need to adapt to these changes to keep finding the better machine.You will play 1 game in total, consisting of 100 trials. Game 1. There are 100 trials in this game.You press <<P> and get 0 points.
You press <<U> and get 1 points.
You press <<U> and get 1 points.
You press <<U> and get 1 points.
You press <<U> and get 1 points.
You press <<",P,1,33
44,"You are participating in multiple games involving two slot machines, labeled U and P.
You can choose a slot machine by pressing its corresponding key.When you select one of the machines, you will win 1 or 0 points.Your goal is to choose the slot machines that will give you the most points.You will receive feedback about the outcome after making a choice.
The environment may change unpredictably, and past success does not guarantee future results. You’ll need to adapt to these changes to keep finding the better machine.You will play 1 game in total, consisting of 100 trials. Game 1. There are 100 trials in this game.You press <<U> and get 1 points.
You press <<U> and get 1 points.
You press <<U> and get 1 points.
You press <<U> and get 1 points.
You press <<P> and get 1 points.
You press <<",P,0,33
45,"You are participating in multiple games involving two slot machines, labeled U and P.
You can choose a slot machine by pressing its corresponding key.When you select one of the machines, you will win 1 or 0 points.Your goal is to choose the slot machines that will give you the most points.You will receive feedback about the outcome after making a choice.
The environment may change unpredictably, and past success does not guarantee future results. You’ll need to adapt to these changes to keep finding the better machine.You will play 1 game in total, consisting of 100 trials. Game 1. There are 100 trials in this game.You press <<U> and get 1 points.
You press <<U> and get 1 points.
You press <<U> and get 1 points.
You press <<P> and get 1 points.
You press <<P> and get 0 points.
You press <<",U,1,34
46,"You are participating in multiple games involving two slot machines, labeled U and P.
You can choose a slot machine by pressing its corresponding key.When you select one of the machines, you will win 1 or 0 points.Your goal is to choose the slot machines that will give you the most points.You will receive feedback about the outcome after making a choice.
The environment may change unpredictably, and past success does not guarantee future results. You’ll need to adapt to these changes to keep finding the better machine.You will play 1 game in total, consisting of 100 trials. Game 1. There are 100 trials in this game.You press <<U> and get 1 points.
You press <<U> and get 1 points.
You press <<P> and get 1 points.
You press <<P> and get 0 points.
You press <<U> and get 1 points.
You press <<",P,0,34
47,"You are participating in multiple games involving two slot machines, labeled U and P.
You can choose a slot machine by pressing its corresponding key.When you select one of the machines, you will win 1 or 0 points.Your goal is to choose the slot machines that will give you the most points.You will receive feedback about the outcome after making a choice.
The environment may change unpredictably, and past success does not guarantee future results. You’ll need to adapt to these changes to keep finding the better machine.You will play 1 game in total, consisting of 100 trials. Game 1. There are 100 trials in this game.You press <<U> and get 1 points.
You press <<P> and get 1 points.
You press <<P> and get 0 points.
You press <<U> and get 1 points.
You press <<P> and get 0 points.
You press <<",U,1,35
48,"You are participating in multiple games involving two slot machines, labeled U and P.
You can choose a slot machine by pressing its corresponding key.When you select one of the machines, you will win 1 or 0 points.Your goal is to choose the slot machines that will give you the most points.You will receive feedback about the outcome after making a choice.
The environment may change unpredictably, and past success does not guarantee future results. You’ll need to adapt to these changes to keep finding the better machine.You will play 1 game in total, consisting of 100 trials. Game 1. There are 100 trials in this game.You press <<P> and get 1 points.
You press <<P> and get 0 points.
You press <<U> and get 1 points.
You press <<P> and get 0 points.
You press <<U> and get 1 points.
You press <<",U,1,36
49,"You are participating in multiple games involving two slot machines, labeled U and P.
You can choose a slot machine by pressing its corresponding key.When you select one of the machines, you will win 1 or 0 points.Your goal is to choose the slot machines that will give you the most points.You will receive feedback about the outcome after making a choice.
The environment may change unpredictably, and past success does not guarantee future results. You’ll need to adapt to these changes to keep finding the better machine.You will play 1 game in total, consisting of 100 trials. Game 1. There are 100 trials in this game.You press <<P> and get 0 points.
You press <<U> and get 1 points.
You press <<P> and get 0 points.
You press <<U> and get 1 points.
You press <<U> and get 1 points.
You press <<",U,1,37
50,"You are participating in multiple games involving two slot machines, labeled U and P.
You can choose a slot machine by pressing its corresponding key.When you select one of the machines, you will win 1 or 0 points.Your goal is to choose the slot machines that will give you the most points.You will receive feedback about the outcome after making a choice.
The environment may change unpredictably, and past success does not guarantee future results. You’ll need to adapt to these changes to keep finding the better machine.You will play 1 game in total, consisting of 100 trials. Game 1. There are 100 trials in this game.You press <<U> and get 1 points.
You press <<P> and get 0 points.
You press <<U> and get 1 points.
You press <<U> and get 1 points.
You press <<U> and get 1 points.
You press <<",P,1,38
51,"You are participating in multiple games involving two slot machines, labeled U and P.
You can choose a slot machine by pressing its corresponding key.When you select one of the machines, you will win 1 or 0 points.Your goal is to choose the slot machines that will give you the most points.You will receive feedback about the outcome after making a choice.
The environment may change unpredictably, and past success does not guarantee future results. You’ll need to adapt to these changes to keep finding the better machine.You will play 1 game in total, consisting of 100 trials. Game 1. There are 100 trials in this game.You press <<P> and get 0 points.
You press <<U> and get 1 points.
You press <<U> and get 1 points.
You press <<U> and get 1 points.
You press <<P> and get 1 points.
You press <<",U,1,39
52,"You are participating in multiple games involving two slot machines, labeled U and P.
You can choose a slot machine by pressing its corresponding key.When you select one of the machines, you will win 1 or 0 points.Your goal is to choose the slot machines that will give you the most points.You will receive feedback about the outcome after making a choice.
The environment may change unpredictably, and past success does not guarantee future results. You’ll need to adapt to these changes to keep finding the better machine.You will play 1 game in total, consisting of 100 trials. Game 1. There are 100 trials in this game.You press <<U> and get 1 points.
You press <<U> and get 1 points.
You press <<U> and get 1 points.
You press <<P> and get 1 points.
You press <<U> and get 1 points.
You press <<",U,1,40
53,"You are participating in multiple games involving two slot machines, labeled U and P.
You can choose a slot machine by pressing its corresponding key.When you select one of the machines, you will win 1 or 0 points.Your goal is to choose the slot machines that will give you the most points.You will receive feedback about the outcome after making a choice.
The environment may change unpredictably, and past success does not guarantee future results. You’ll need to adapt to these changes to keep finding the better machine.You will play 1 game in total, consisting of 100 trials. Game 1. There are 100 trials in this game.You press <<U> and get 1 points.
You press <<U> and get 1 points.
You press <<P> and get 1 points.
You press <<U> and get 1 points.
You press <<U> and get 1 points.
You press <<",U,0,40
54,"You are participating in multiple games involving two slot machines, labeled U and P.
You can choose a slot machine by pressing its corresponding key.When you select one of the machines, you will win 1 or 0 points.Your goal is to choose the slot machines that will give you the most points.You will receive feedback about the outcome after making a choice.
The environment may change unpredictably, and past success does not guarantee future results. You’ll need to adapt to these changes to keep finding the better machine.You will play 1 game in total, consisting of 100 trials. Game 1. There are 100 trials in this game.You press <<U> and get 1 points.
You press <<P> and get 1 points.
You press <<U> and get 1 points.
You press <<U> and get 1 points.
You press <<U> and get 0 points.
You press <<",U,0,40
55,"You are participating in multiple games involving two slot machines, labeled U and P.
You can choose a slot machine by pressing its corresponding key.When you select one of the machines, you will win 1 or 0 points.Your goal is to choose the slot machines that will give you the most points.You will receive feedback about the outcome after making a choice.
The environment may change unpredictably, and past success does not guarantee future results. You’ll need to adapt to these changes to keep finding the better machine.You will play 1 game in total, consisting of 100 trials. Game 1. There are 100 trials in this game.You press <<P> and get 1 points.
You press <<U> and get 1 points.
You press <<U> and get 1 points.
You press <<U> and get 0 points.
You press <<U> and get 0 points.
You press <<",U,0,40
56,"You are participating in multiple games involving two slot machines, labeled U and P.
You can choose a slot machine by pressing its corresponding key.When you select one of the machines, you will win 1 or 0 points.Your goal is to choose the slot machines that will give you the most points.You will receive feedback about the outcome after making a choice.
The environment may change unpredictably, and past success does not guarantee future results. You’ll need to adapt to these changes to keep finding the better machine.You will play 1 game in total, consisting of 100 trials. Game 1. There are 100 trials in this game.You press <<U> and get 1 points.
You press <<U> and get 1 points.
You press <<U> and get 0 points.
You press <<U> and get 0 points.
You press <<U> and get 0 points.
You press <<",U,0,40
57,"You are participating in multiple games involving two slot machines, labeled U and P.
You can choose a slot machine by pressing its corresponding key.When you select one of the machines, you will win 1 or 0 points.Your goal is to choose the slot machines that will give you the most points.You will receive feedback about the outcome after making a choice.
The environment may change unpredictably, and past success does not guarantee future results. You’ll need to adapt to these changes to keep finding the better machine.You will play 1 game in total, consisting of 100 trials. Game 1. There are 100 trials in this game.You press <<U> and get 1 points.
You press <<U> and get 0 points.
You press <<U> and get 0 points.
You press <<U> and get 0 points.
You press <<U> and get 0 points.
You press <<",U,0,40
58,"You are participating in multiple games involving two slot machines, labeled U and P.
You can choose a slot machine by pressing its corresponding key.When you select one of the machines, you will win 1 or 0 points.Your goal is to choose the slot machines that will give you the most points.You will receive feedback about the outcome after making a choice.
The environment may change unpredictably, and past success does not guarantee future results. You’ll need to adapt to these changes to keep finding the better machine.You will play 1 game in total, consisting of 100 trials. Game 1. There are 100 trials in this game.You press <<U> and get 0 points.
You press <<U> and get 0 points.
You press <<U> and get 0 points.
You press <<U> and get 0 points.
You press <<U> and get 0 points.
You press <<",U,0,40
59,"You are participating in multiple games involving two slot machines, labeled U and P.
You can choose a slot machine by pressing its corresponding key.When you select one of the machines, you will win 1 or 0 points.Your goal is to choose the slot machines that will give you the most points.You will receive feedback about the outcome after making a choice.
The environment may change unpredictably, and past success does not guarantee future results. You’ll need to adapt to these changes to keep finding the better machine.You will play 1 game in total, consisting of 100 trials. Game 1. There are 100 trials in this game.You press <<U> and get 0 points.
You press <<U> and get 0 points.
You press <<U> and get 0 points.
You press <<U> and get 0 points.
You press <<U> and get 0 points.
You press <<",U,0,40
60,"You are participating in multiple games involving two slot machines, labeled U and P.
You can choose a slot machine by pressing its corresponding key.When you select one of the machines, you will win 1 or 0 points.Your goal is to choose the slot machines that will give you the most points.You will receive feedback about the outcome after making a choice.
The environment may change unpredictably, and past success does not guarantee future results. You’ll need to adapt to these changes to keep finding the better machine.You will play 1 game in total, consisting of 100 trials. Game 1. There are 100 trials in this game.You press <<U> and get 0 points.
You press <<U> and get 0 points.
You press <<U> and get 0 points.
You press <<U> and get 0 points.
You press <<U> and get 0 points.
You press <<",P,1,41
61,"You are participating in multiple games involving two slot machines, labeled U and P.
You can choose a slot machine by pressing its corresponding key.When you select one of the machines, you will win 1 or 0 points.Your goal is to choose the slot machines that will give you the most points.You will receive feedback about the outcome after making a choice.
The environment may change unpredictably, and past success does not guarantee future results. You’ll need to adapt to these changes to keep finding the better machine.You will play 1 game in total, consisting of 100 trials. Game 1. There are 100 trials in this game.You press <<U> and get 0 points.
You press <<U> and get 0 points.
You press <<U> and get 0 points.
You press <<U> and get 0 points.
You press <<P> and get 1 points.
You press <<",P,1,42
62,"You are participating in multiple games involving two slot machines, labeled U and P.
You can choose a slot machine by pressing its corresponding key.When you select one of the machines, you will win 1 or 0 points.Your goal is to choose the slot machines that will give you the most points.You will receive feedback about the outcome after making a choice.
The environment may change unpredictably, and past success does not guarantee future results. You’ll need to adapt to these changes to keep finding the better machine.You will play 1 game in total, consisting of 100 trials. Game 1. There are 100 trials in this game.You press <<U> and get 0 points.
You press <<U> and get 0 points.
You press <<U> and get 0 points.
You press <<P> and get 1 points.
You press <<P> and get 1 points.
You press <<",P,1,43
63,"You are participating in multiple games involving two slot machines, labeled U and P.
You can choose a slot machine by pressing its corresponding key.When you select one of the machines, you will win 1 or 0 points.Your goal is to choose the slot machines that will give you the most points.You will receive feedback about the outcome after making a choice.
The environment may change unpredictably, and past success does not guarantee future results. You’ll need to adapt to these changes to keep finding the better machine.You will play 1 game in total, consisting of 100 trials. Game 1. There are 100 trials in this game.You press <<U> and get 0 points.
You press <<U> and get 0 points.
You press <<P> and get 1 points.
You press <<P> and get 1 points.
You press <<P> and get 1 points.
You press <<",P,1,44
64,"You are participating in multiple games involving two slot machines, labeled U and P.
You can choose a slot machine by pressing its corresponding key.When you select one of the machines, you will win 1 or 0 points.Your goal is to choose the slot machines that will give you the most points.You will receive feedback about the outcome after making a choice.
The environment may change unpredictably, and past success does not guarantee future results. You’ll need to adapt to these changes to keep finding the better machine.You will play 1 game in total, consisting of 100 trials. Game 1. There are 100 trials in this game.You press <<U> and get 0 points.
You press <<P> and get 1 points.
You press <<P> and get 1 points.
You press <<P> and get 1 points.
You press <<P> and get 1 points.
You press <<",P,1,45
65,"You are participating in multiple games involving two slot machines, labeled U and P.
You can choose a slot machine by pressing its corresponding key.When you select one of the machines, you will win 1 or 0 points.Your goal is to choose the slot machines that will give you the most points.You will receive feedback about the outcome after making a choice.
The environment may change unpredictably, and past success does not guarantee future results. You’ll need to adapt to these changes to keep finding the better machine.You will play 1 game in total, consisting of 100 trials. Game 1. There are 100 trials in this game.You press <<P> and get 1 points.
You press <<P> and get 1 points.
You press <<P> and get 1 points.
You press <<P> and get 1 points.
You press <<P> and get 1 points.
You press <<",P,1,46
66,"You are participating in multiple games involving two slot machines, labeled U and P.
You can choose a slot machine by pressing its corresponding key.When you select one of the machines, you will win 1 or 0 points.Your goal is to choose the slot machines that will give you the most points.You will receive feedback about the outcome after making a choice.
The environment may change unpredictably, and past success does not guarantee future results. You’ll need to adapt to these changes to keep finding the better machine.You will play 1 game in total, consisting of 100 trials. Game 1. There are 100 trials in this game.You press <<P> and get 1 points.
You press <<P> and get 1 points.
You press <<P> and get 1 points.
You press <<P> and get 1 points.
You press <<P> and get 1 points.
You press <<",P,1,47
67,"You are participating in multiple games involving two slot machines, labeled U and P.
You can choose a slot machine by pressing its corresponding key.When you select one of the machines, you will win 1 or 0 points.Your goal is to choose the slot machines that will give you the most points.You will receive feedback about the outcome after making a choice.
The environment may change unpredictably, and past success does not guarantee future results. You’ll need to adapt to these changes to keep finding the better machine.You will play 1 game in total, consisting of 100 trials. Game 1. There are 100 trials in this game.You press <<P> and get 1 points.
You press <<P> and get 1 points.
You press <<P> and get 1 points.
You press <<P> and get 1 points.
You press <<P> and get 1 points.
You press <<",P,1,48
68,"You are participating in multiple games involving two slot machines, labeled U and P.
You can choose a slot machine by pressing its corresponding key.When you select one of the machines, you will win 1 or 0 points.Your goal is to choose the slot machines that will give you the most points.You will receive feedback about the outcome after making a choice.
The environment may change unpredictably, and past success does not guarantee future results. You’ll need to adapt to these changes to keep finding the better machine.You will play 1 game in total, consisting of 100 trials. Game 1. There are 100 trials in this game.You press <<P> and get 1 points.
You press <<P> and get 1 points.
You press <<P> and get 1 points.
You press <<P> and get 1 points.
You press <<P> and get 1 points.
You press <<",P,1,49
69,"You are participating in multiple games involving two slot machines, labeled U and P.
You can choose a slot machine by pressing its corresponding key.When you select one of the machines, you will win 1 or 0 points.Your goal is to choose the slot machines that will give you the most points.You will receive feedback about the outcome after making a choice.
The environment may change unpredictably, and past success does not guarantee future results. You’ll need to adapt to these changes to keep finding the better machine.You will play 1 game in total, consisting of 100 trials. Game 1. There are 100 trials in this game.You press <<P> and get 1 points.
You press <<P> and get 1 points.
You press <<P> and get 1 points.
You press <<P> and get 1 points.
You press <<P> and get 1 points.
You press <<",P,1,50
70,"You are participating in multiple games involving two slot machines, labeled U and P.
You can choose a slot machine by pressing its corresponding key.When you select one of the machines, you will win 1 or 0 points.Your goal is to choose the slot machines that will give you the most points.You will receive feedback about the outcome after making a choice.
The environment may change unpredictably, and past success does not guarantee future results. You’ll need to adapt to these changes to keep finding the better machine.You will play 1 game in total, consisting of 100 trials. Game 1. There are 100 trials in this game.You press <<P> and get 1 points.
You press <<P> and get 1 points.
You press <<P> and get 1 points.
You press <<P> and get 1 points.
You press <<P> and get 1 points.
You press <<",P,1,51
71,"You are participating in multiple games involving two slot machines, labeled U and P.
You can choose a slot machine by pressing its corresponding key.When you select one of the machines, you will win 1 or 0 points.Your goal is to choose the slot machines that will give you the most points.You will receive feedback about the outcome after making a choice.
The environment may change unpredictably, and past success does not guarantee future results. You’ll need to adapt to these changes to keep finding the better machine.You will play 1 game in total, consisting of 100 trials. Game 1. There are 100 trials in this game.You press <<P> and get 1 points.
You press <<P> and get 1 points.
You press <<P> and get 1 points.
You press <<P> and get 1 points.
You press <<P> and get 1 points.
You press <<",U,0,51
72,"You are participating in multiple games involving two slot machines, labeled U and P.
You can choose a slot machine by pressing its corresponding key.When you select one of the machines, you will win 1 or 0 points.Your goal is to choose the slot machines that will give you the most points.You will receive feedback about the outcome after making a choice.
The environment may change unpredictably, and past success does not guarantee future results. You’ll need to adapt to these changes to keep finding the better machine.You will play 1 game in total, consisting of 100 trials. Game 1. There are 100 trials in this game.You press <<P> and get 1 points.
You press <<P> and get 1 points.
You press <<P> and get 1 points.
You press <<P> and get 1 points.
You press <<U> and get 0 points.
You press <<",P,1,52
73,"You are participating in multiple games involving two slot machines, labeled U and P.
You can choose a slot machine by pressing its corresponding key.When you select one of the machines, you will win 1 or 0 points.Your goal is to choose the slot machines that will give you the most points.You will receive feedback about the outcome after making a choice.
The environment may change unpredictably, and past success does not guarantee future results. You’ll need to adapt to these changes to keep finding the better machine.You will play 1 game in total, consisting of 100 trials. Game 1. There are 100 trials in this game.You press <<P> and get 1 points.
You press <<P> and get 1 points.
You press <<P> and get 1 points.
You press <<U> and get 0 points.
You press <<P> and get 1 points.
You press <<",U,0,52
74,"You are participating in multiple games involving two slot machines, labeled U and P.
You can choose a slot machine by pressing its corresponding key.When you select one of the machines, you will win 1 or 0 points.Your goal is to choose the slot machines that will give you the most points.You will receive feedback about the outcome after making a choice.
The environment may change unpredictably, and past success does not guarantee future results. You’ll need to adapt to these changes to keep finding the better machine.You will play 1 game in total, consisting of 100 trials. Game 1. There are 100 trials in this game.You press <<P> and get 1 points.
You press <<P> and get 1 points.
You press <<U> and get 0 points.
You press <<P> and get 1 points.
You press <<U> and get 0 points.
You press <<",P,1,53
75,"You are participating in multiple games involving two slot machines, labeled U and P.
You can choose a slot machine by pressing its corresponding key.When you select one of the machines, you will win 1 or 0 points.Your goal is to choose the slot machines that will give you the most points.You will receive feedback about the outcome after making a choice.
The environment may change unpredictably, and past success does not guarantee future results. You’ll need to adapt to these changes to keep finding the better machine.You will play 1 game in total, consisting of 100 trials. Game 1. There are 100 trials in this game.You press <<P> and get 1 points.
You press <<U> and get 0 points.
You press <<P> and get 1 points.
You press <<U> and get 0 points.
You press <<P> and get 1 points.
You press <<",U,0,53
76,"You are participating in multiple games involving two slot machines, labeled U and P.
You can choose a slot machine by pressing its corresponding key.When you select one of the machines, you will win 1 or 0 points.Your goal is to choose the slot machines that will give you the most points.You will receive feedback about the outcome after making a choice.
The environment may change unpredictably, and past success does not guarantee future results. You’ll need to adapt to these changes to keep finding the better machine.You will play 1 game in total, consisting of 100 trials. Game 1. There are 100 trials in this game.You press <<U> and get 0 points.
You press <<P> and get 1 points.
You press <<U> and get 0 points.
You press <<P> and get 1 points.
You press <<U> and get 0 points.
You press <<",U,1,54
77,"You are participating in multiple games involving two slot machines, labeled U and P.
You can choose a slot machine by pressing its corresponding key.When you select one of the machines, you will win 1 or 0 points.Your goal is to choose the slot machines that will give you the most points.You will receive feedback about the outcome after making a choice.
The environment may change unpredictably, and past success does not guarantee future results. You’ll need to adapt to these changes to keep finding the better machine.You will play 1 game in total, consisting of 100 trials. Game 1. There are 100 trials in this game.You press <<P> and get 1 points.
You press <<U> and get 0 points.
You press <<P> and get 1 points.
You press <<U> and get 0 points.
You press <<U> and get 1 points.
You press <<",P,1,55
78,"You are participating in multiple games involving two slot machines, labeled U and P.
You can choose a slot machine by pressing its corresponding key.When you select one of the machines, you will win 1 or 0 points.Your goal is to choose the slot machines that will give you the most points.You will receive feedback about the outcome after making a choice.
The environment may change unpredictably, and past success does not guarantee future results. You’ll need to adapt to these changes to keep finding the better machine.You will play 1 game in total, consisting of 100 trials. Game 1. There are 100 trials in this game.You press <<U> and get 0 points.
You press <<P> and get 1 points.
You press <<U> and get 0 points.
You press <<U> and get 1 points.
You press <<P> and get 1 points.
You press <<",U,0,55
79,"You are participating in multiple games involving two slot machines, labeled U and P.
You can choose a slot machine by pressing its corresponding key.When you select one of the machines, you will win 1 or 0 points.Your goal is to choose the slot machines that will give you the most points.You will receive feedback about the outcome after making a choice.
The environment may change unpredictably, and past success does not guarantee future results. You’ll need to adapt to these changes to keep finding the better machine.You will play 1 game in total, consisting of 100 trials. Game 1. There are 100 trials in this game.You press <<P> and get 1 points.
You press <<U> and get 0 points.
You press <<U> and get 1 points.
You press <<P> and get 1 points.
You press <<U> and get 0 points.
You press <<",P,1,56
80,"You are participating in multiple games involving two slot machines, labeled U and P.
You can choose a slot machine by pressing its corresponding key.When you select one of the machines, you will win 1 or 0 points.Your goal is to choose the slot machines that will give you the most points.You will receive feedback about the outcome after making a choice.
The environment may change unpredictably, and past success does not guarantee future results. You’ll need to adapt to these changes to keep finding the better machine.You will play 1 game in total, consisting of 100 trials. Game 1. There are 100 trials in this game.You press <<U> and get 0 points.
You press <<U> and get 1 points.
You press <<P> and get 1 points.
You press <<U> and get 0 points.
You press <<P> and get 1 points.
You press <<",U,0,56
81,"You are participating in multiple games involving two slot machines, labeled U and P.
You can choose a slot machine by pressing its corresponding key.When you select one of the machines, you will win 1 or 0 points.Your goal is to choose the slot machines that will give you the most points.You will receive feedback about the outcome after making a choice.
The environment may change unpredictably, and past success does not guarantee future results. You’ll need to adapt to these changes to keep finding the better machine.You will play 1 game in total, consisting of 100 trials. Game 1. There are 100 trials in this game.You press <<U> and get 1 points.
You press <<P> and get 1 points.
You press <<U> and get 0 points.
You press <<P> and get 1 points.
You press <<U> and get 0 points.
You press <<",P,1,57
82,"You are participating in multiple games involving two slot machines, labeled U and P.
You can choose a slot machine by pressing its corresponding key.When you select one of the machines, you will win 1 or 0 points.Your goal is to choose the slot machines that will give you the most points.You will receive feedback about the outcome after making a choice.
The environment may change unpredictably, and past success does not guarantee future results. You’ll need to adapt to these changes to keep finding the better machine.You will play 1 game in total, consisting of 100 trials. Game 1. There are 100 trials in this game.You press <<P> and get 1 points.
You press <<U> and get 0 points.
You press <<P> and get 1 points.
You press <<U> and get 0 points.
You press <<P> and get 1 points.
You press <<",P,1,58
83,"You are participating in multiple games involving two slot machines, labeled U and P.
You can choose a slot machine by pressing its corresponding key.When you select one of the machines, you will win 1 or 0 points.Your goal is to choose the slot machines that will give you the most points.You will receive feedback about the outcome after making a choice.
The environment may change unpredictably, and past success does not guarantee future results. You’ll need to adapt to these changes to keep finding the better machine.You will play 1 game in total, consisting of 100 trials. Game 1. There are 100 trials in this game.You press <<U> and get 0 points.
You press <<P> and get 1 points.
You press <<U> and get 0 points.
You press <<P> and get 1 points.
You press <<P> and get 1 points.
You press <<",P,1,59
84,"You are participating in multiple games involving two slot machines, labeled U and P.
You can choose a slot machine by pressing its corresponding key.When you select one of the machines, you will win 1 or 0 points.Your goal is to choose the slot machines that will give you the most points.You will receive feedback about the outcome after making a choice.
The environment may change unpredictably, and past success does not guarantee future results. You’ll need to adapt to these changes to keep finding the better machine.You will play 1 game in total, consisting of 100 trials. Game 1. There are 100 trials in this game.You press <<P> and get 1 points.
You press <<U> and get 0 points.
You press <<P> and get 1 points.
You press <<P> and get 1 points.
You press <<P> and get 1 points.
You press <<",P,1,60
85,"You are participating in multiple games involving two slot machines, labeled U and P.
You can choose a slot machine by pressing its corresponding key.When you select one of the machines, you will win 1 or 0 points.Your goal is to choose the slot machines that will give you the most points.You will receive feedback about the outcome after making a choice.
The environment may change unpredictably, and past success does not guarantee future results. You’ll need to adapt to these changes to keep finding the better machine.You will play 1 game in total, consisting of 100 trials. Game 1. There are 100 trials in this game.You press <<U> and get 0 points.
You press <<P> and get 1 points.
You press <<P> and get 1 points.
You press <<P> and get 1 points.
You press <<P> and get 1 points.
You press <<",P,1,61
86,"You are participating in multiple games involving two slot machines, labeled U and P.
You can choose a slot machine by pressing its corresponding key.When you select one of the machines, you will win 1 or 0 points.Your goal is to choose the slot machines that will give you the most points.You will receive feedback about the outcome after making a choice.
The environment may change unpredictably, and past success does not guarantee future results. You’ll need to adapt to these changes to keep finding the better machine.You will play 1 game in total, consisting of 100 trials. Game 1. There are 100 trials in this game.You press <<P> and get 1 points.
You press <<P> and get 1 points.
You press <<P> and get 1 points.
You press <<P> and get 1 points.
You press <<P> and get 1 points.
You press <<",P,1,62
87,"You are participating in multiple games involving two slot machines, labeled U and P.
You can choose a slot machine by pressing its corresponding key.When you select one of the machines, you will win 1 or 0 points.Your goal is to choose the slot machines that will give you the most points.You will receive feedback about the outcome after making a choice.
The environment may change unpredictably, and past success does not guarantee future results. You’ll need to adapt to these changes to keep finding the better machine.You will play 1 game in total, consisting of 100 trials. Game 1. There are 100 trials in this game.You press <<P> and get 1 points.
You press <<P> and get 1 points.
You press <<P> and get 1 points.
You press <<P> and get 1 points.
You press <<P> and get 1 points.
You press <<",P,1,63
88,"You are participating in multiple games involving two slot machines, labeled U and P.
You can choose a slot machine by pressing its corresponding key.When you select one of the machines, you will win 1 or 0 points.Your goal is to choose the slot machines that will give you the most points.You will receive feedback about the outcome after making a choice.
The environment may change unpredictably, and past success does not guarantee future results. You’ll need to adapt to these changes to keep finding the better machine.You will play 1 game in total, consisting of 100 trials. Game 1. There are 100 trials in this game.You press <<P> and get 1 points.
You press <<P> and get 1 points.
You press <<P> and get 1 points.
You press <<P> and get 1 points.
You press <<P> and get 1 points.
You press <<",P,1,64
89,"You are participating in multiple games involving two slot machines, labeled U and P.
You can choose a slot machine by pressing its corresponding key.When you select one of the machines, you will win 1 or 0 points.Your goal is to choose the slot machines that will give you the most points.You will receive feedback about the outcome after making a choice.
The environment may change unpredictably, and past success does not guarantee future results. You’ll need to adapt to these changes to keep finding the better machine.You will play 1 game in total, consisting of 100 trials. Game 1. There are 100 trials in this game.You press <<P> and get 1 points.
You press <<P> and get 1 points.
You press <<P> and get 1 points.
You press <<P> and get 1 points.
You press <<P> and get 1 points.
You press <<",P,0,64
90,"You are participating in multiple games involving two slot machines, labeled U and P.
You can choose a slot machine by pressing its corresponding key.When you select one of the machines, you will win 1 or 0 points.Your goal is to choose the slot machines that will give you the most points.You will receive feedback about the outcome after making a choice.
The environment may change unpredictably, and past success does not guarantee future results. You’ll need to adapt to these changes to keep finding the better machine.You will play 1 game in total, consisting of 100 trials. Game 1. There are 100 trials in this game.You press <<P> and get 1 points.
You press <<P> and get 1 points.
You press <<P> and get 1 points.
You press <<P> and get 1 points.
You press <<P> and get 0 points.
You press <<",P,1,65
91,"You are participating in multiple games involving two slot machines, labeled U and P.
You can choose a slot machine by pressing its corresponding key.When you select one of the machines, you will win 1 or 0 points.Your goal is to choose the slot machines that will give you the most points.You will receive feedback about the outcome after making a choice.
The environment may change unpredictably, and past success does not guarantee future results. You’ll need to adapt to these changes to keep finding the better machine.You will play 1 game in total, consisting of 100 trials. Game 1. There are 100 trials in this game.You press <<P> and get 1 points.
You press <<P> and get 1 points.
You press <<P> and get 1 points.
You press <<P> and get 0 points.
You press <<P> and get 1 points.
You press <<",P,1,66
92,"You are participating in multiple games involving two slot machines, labeled U and P.
You can choose a slot machine by pressing its corresponding key.When you select one of the machines, you will win 1 or 0 points.Your goal is to choose the slot machines that will give you the most points.You will receive feedback about the outcome after making a choice.
The environment may change unpredictably, and past success does not guarantee future results. You’ll need to adapt to these changes to keep finding the better machine.You will play 1 game in total, consisting of 100 trials. Game 1. There are 100 trials in this game.You press <<P> and get 1 points.
You press <<P> and get 1 points.
You press <<P> and get 0 points.
You press <<P> and get 1 points.
You press <<P> and get 1 points.
You press <<",P,1,67
93,"You are participating in multiple games involving two slot machines, labeled U and P.
You can choose a slot machine by pressing its corresponding key.When you select one of the machines, you will win 1 or 0 points.Your goal is to choose the slot machines that will give you the most points.You will receive feedback about the outcome after making a choice.
The environment may change unpredictably, and past success does not guarantee future results. You’ll need to adapt to these changes to keep finding the better machine.You will play 1 game in total, consisting of 100 trials. Game 1. There are 100 trials in this game.You press <<P> and get 1 points.
You press <<P> and get 0 points.
You press <<P> and get 1 points.
You press <<P> and get 1 points.
You press <<P> and get 1 points.
You press <<",P,1,68
94,"You are participating in multiple games involving two slot machines, labeled U and P.
You can choose a slot machine by pressing its corresponding key.When you select one of the machines, you will win 1 or 0 points.Your goal is to choose the slot machines that will give you the most points.You will receive feedback about the outcome after making a choice.
The environment may change unpredictably, and past success does not guarantee future results. You’ll need to adapt to these changes to keep finding the better machine.You will play 1 game in total, consisting of 100 trials. Game 1. There are 100 trials in this game.You press <<P> and get 0 points.
You press <<P> and get 1 points.
You press <<P> and get 1 points.
You press <<P> and get 1 points.
You press <<P> and get 1 points.
You press <<",P,1,69
95,"You are participating in multiple games involving two slot machines, labeled U and P.
You can choose a slot machine by pressing its corresponding key.When you select one of the machines, you will win 1 or 0 points.Your goal is to choose the slot machines that will give you the most points.You will receive feedback about the outcome after making a choice.
The environment may change unpredictably, and past success does not guarantee future results. You’ll need to adapt to these changes to keep finding the better machine.You will play 1 game in total, consisting of 100 trials. Game 1. There are 100 trials in this game.You press <<P> and get 1 points.
You press <<P> and get 1 points.
You press <<P> and get 1 points.
You press <<P> and get 1 points.
You press <<P> and get 1 points.
You press <<",U,0,69
96,"You are participating in multiple games involving two slot machines, labeled U and P.
You can choose a slot machine by pressing its corresponding key.When you select one of the machines, you will win 1 or 0 points.Your goal is to choose the slot machines that will give you the most points.You will receive feedback about the outcome after making a choice.
The environment may change unpredictably, and past success does not guarantee future results. You’ll need to adapt to these changes to keep finding the better machine.You will play 1 game in total, consisting of 100 trials. Game 1. There are 100 trials in this game.You press <<P> and get 1 points.
You press <<P> and get 1 points.
You press <<P> and get 1 points.
You press <<P> and get 1 points.
You press <<U> and get 0 points.
You press <<",U,0,69
97,"You are participating in multiple games involving two slot machines, labeled U and P.
You can choose a slot machine by pressing its corresponding key.When you select one of the machines, you will win 1 or 0 points.Your goal is to choose the slot machines that will give you the most points.You will receive feedback about the outcome after making a choice.
The environment may change unpredictably, and past success does not guarantee future results. You’ll need to adapt to these changes to keep finding the better machine.You will play 1 game in total, consisting of 100 trials. Game 1. There are 100 trials in this game.You press <<P> and get 1 points.
You press <<P> and get 1 points.
You press <<P> and get 1 points.
You press <<U> and get 0 points.
You press <<U> and get 0 points.
You press <<",P,1,70
98,"You are participating in multiple games involving two slot machines, labeled U and P.
You can choose a slot machine by pressing its corresponding key.When you select one of the machines, you will win 1 or 0 points.Your goal is to choose the slot machines that will give you the most points.You will receive feedback about the outcome after making a choice.
The environment may change unpredictably, and past success does not guarantee future results. You’ll need to adapt to these changes to keep finding the better machine.You will play 1 game in total, consisting of 100 trials. Game 1. There are 100 trials in this game.You press <<P> and get 1 points.
You press <<P> and get 1 points.
You press <<U> and get 0 points.
You press <<U> and get 0 points.
You press <<P> and get 1 points.
You press <<",P,1,71
99,"You are participating in multiple games involving two slot machines, labeled U and P.
You can choose a slot machine by pressing its corresponding key.When you select one of the machines, you will win 1 or 0 points.Your goal is to choose the slot machines that will give you the most points.You will receive feedback about the outcome after making a choice.
The environment may change unpredictably, and past success does not guarantee future results. You’ll need to adapt to these changes to keep finding the better machine.You will play 1 game in total, consisting of 100 trials. Game 1. There are 100 trials in this game.You press <<P> and get 1 points.
You press <<U> and get 0 points.
You press <<U> and get 0 points.
You press <<P> and get 1 points.
You press <<P> and get 1 points.
You press <<",P,1,72
100,"You are participating in multiple games involving two slot machines, labeled U and P.
You can choose a slot machine by pressing its corresponding key.When you select one of the machines, you will win 1 or 0 points.Your goal is to choose the slot machines that will give you the most points.You will receive feedback about the outcome after making a choice.
The environment may change unpredictably, and past success does not guarantee future results. You’ll need to adapt to these changes to keep finding the better machine.You will play 1 game in total, consisting of 100 trials. Game 1. There are 100 trials in this game.You press <<U> and get 0 points.
You press <<U> and get 0 points.
You press <<P> and get 1 points.
You press <<P> and get 1 points.
You press <<P> and get 1 points.
You press <<",P,1,73
