trial_num,prompt,model_choice,human_choice,reward,cumulative_reward,log_likelihood,top2_tokens
0,"You are participating in multiple games involving two slot machines, labeled U and P.
You can choose a slot machine by pressing its corresponding key.When you select one of the machines, you will win 1 or 0 points.Your goal is to choose the slot machines that will give you the most points.You will receive feedback about the outcome after making a choice.
The environment may change unpredictably, and past success does not guarantee future results. You’ll need to adapt to these changes to keep finding the better machine.You will play 1 game in total, consisting of 100 trials. Game 1. There are 100 trials in this game.You press <<",P,U,1,1,-0.69140625,"[{'token': 'U', 'prob': 0.5}, {'token': 'P', 'prob': 0.5}]"
1,"You are participating in multiple games involving two slot machines, labeled U and P.
You can choose a slot machine by pressing its corresponding key.When you select one of the machines, you will win 1 or 0 points.Your goal is to choose the slot machines that will give you the most points.You will receive feedback about the outcome after making a choice.
The environment may change unpredictably, and past success does not guarantee future results. You’ll need to adapt to these changes to keep finding the better machine.You will play 1 game in total, consisting of 100 trials. Game 1. There are 100 trials in this game.You press <<U> and get 1 points.
You press <<",P,U,1,2,-0.828125,"[{'token': 'P', 'prob': 0.5625}, {'token': 'U', 'prob': 0.4375}]"
2,"You are participating in multiple games involving two slot machines, labeled U and P.
You can choose a slot machine by pressing its corresponding key.When you select one of the machines, you will win 1 or 0 points.Your goal is to choose the slot machines that will give you the most points.You will receive feedback about the outcome after making a choice.
The environment may change unpredictably, and past success does not guarantee future results. You’ll need to adapt to these changes to keep finding the better machine.You will play 1 game in total, consisting of 100 trials. Game 1. There are 100 trials in this game.You press <<U> and get 1 points.
You press <<U> and get 1 points.
You press <<",U,U,1,3,-0.57421875,"[{'token': 'U', 'prob': 0.5625}, {'token': 'P', 'prob': 0.4375}]"
3,"You are participating in multiple games involving two slot machines, labeled U and P.
You can choose a slot machine by pressing its corresponding key.When you select one of the machines, you will win 1 or 0 points.Your goal is to choose the slot machines that will give you the most points.You will receive feedback about the outcome after making a choice.
The environment may change unpredictably, and past success does not guarantee future results. You’ll need to adapt to these changes to keep finding the better machine.You will play 1 game in total, consisting of 100 trials. Game 1. There are 100 trials in this game.You press <<U> and get 1 points.
You press <<U> and get 1 points.
You press <<U> and get 1 points.
You press <<",U,U,0,3,-0.34765625,"[{'token': 'U', 'prob': 0.70703125}, {'token': 'P', 'prob': 0.294921875}]"
4,"You are participating in multiple games involving two slot machines, labeled U and P.
You can choose a slot machine by pressing its corresponding key.When you select one of the machines, you will win 1 or 0 points.Your goal is to choose the slot machines that will give you the most points.You will receive feedback about the outcome after making a choice.
The environment may change unpredictably, and past success does not guarantee future results. You’ll need to adapt to these changes to keep finding the better machine.You will play 1 game in total, consisting of 100 trials. Game 1. There are 100 trials in this game.You press <<U> and get 1 points.
You press <<U> and get 1 points.
You press <<U> and get 1 points.
You press <<U> and get 0 points.
You press <<",U,U,1,4,-0.4765625,"[{'token': 'U', 'prob': 0.62109375}, {'token': 'P', 'prob': 0.376953125}]"
5,"You are participating in multiple games involving two slot machines, labeled U and P.
You can choose a slot machine by pressing its corresponding key.When you select one of the machines, you will win 1 or 0 points.Your goal is to choose the slot machines that will give you the most points.You will receive feedback about the outcome after making a choice.
The environment may change unpredictably, and past success does not guarantee future results. You’ll need to adapt to these changes to keep finding the better machine.You will play 1 game in total, consisting of 100 trials. Game 1. There are 100 trials in this game.You press <<U> and get 1 points.
You press <<U> and get 1 points.
You press <<U> and get 1 points.
You press <<U> and get 0 points.
You press <<U> and get 1 points.
You press <<",U,U,1,5,-0.2275390625,"[{'token': 'U', 'prob': 0.796875}, {'token': 'P', 'prob': 0.2021484375}]"
6,"You are participating in multiple games involving two slot machines, labeled U and P.
You can choose a slot machine by pressing its corresponding key.When you select one of the machines, you will win 1 or 0 points.Your goal is to choose the slot machines that will give you the most points.You will receive feedback about the outcome after making a choice.
The environment may change unpredictably, and past success does not guarantee future results. You’ll need to adapt to these changes to keep finding the better machine.You will play 1 game in total, consisting of 100 trials. Game 1. There are 100 trials in this game.You press <<U> and get 1 points.
You press <<U> and get 1 points.
You press <<U> and get 0 points.
You press <<U> and get 1 points.
You press <<U> and get 1 points.
You press <<",U,U,1,6,-0.2275390625,"[{'token': 'U', 'prob': 0.796875}, {'token': 'P', 'prob': 0.2021484375}]"
7,"You are participating in multiple games involving two slot machines, labeled U and P.
You can choose a slot machine by pressing its corresponding key.When you select one of the machines, you will win 1 or 0 points.Your goal is to choose the slot machines that will give you the most points.You will receive feedback about the outcome after making a choice.
The environment may change unpredictably, and past success does not guarantee future results. You’ll need to adapt to these changes to keep finding the better machine.You will play 1 game in total, consisting of 100 trials. Game 1. There are 100 trials in this game.You press <<U> and get 1 points.
You press <<U> and get 0 points.
You press <<U> and get 1 points.
You press <<U> and get 1 points.
You press <<U> and get 1 points.
You press <<",U,P,0,6,-1.703125,"[{'token': 'U', 'prob': 0.81640625}, {'token': 'P', 'prob': 0.1826171875}]"
8,"You are participating in multiple games involving two slot machines, labeled U and P.
You can choose a slot machine by pressing its corresponding key.When you select one of the machines, you will win 1 or 0 points.Your goal is to choose the slot machines that will give you the most points.You will receive feedback about the outcome after making a choice.
The environment may change unpredictably, and past success does not guarantee future results. You’ll need to adapt to these changes to keep finding the better machine.You will play 1 game in total, consisting of 100 trials. Game 1. There are 100 trials in this game.You press <<U> and get 0 points.
You press <<U> and get 1 points.
You press <<U> and get 1 points.
You press <<U> and get 1 points.
You press <<P> and get 0 points.
You press <<",U,U,1,7,-0.34765625,"[{'token': 'U', 'prob': 0.70703125}, {'token': 'P', 'prob': 0.294921875}]"
9,"You are participating in multiple games involving two slot machines, labeled U and P.
You can choose a slot machine by pressing its corresponding key.When you select one of the machines, you will win 1 or 0 points.Your goal is to choose the slot machines that will give you the most points.You will receive feedback about the outcome after making a choice.
The environment may change unpredictably, and past success does not guarantee future results. You’ll need to adapt to these changes to keep finding the better machine.You will play 1 game in total, consisting of 100 trials. Game 1. There are 100 trials in this game.You press <<U> and get 1 points.
You press <<U> and get 1 points.
You press <<U> and get 1 points.
You press <<P> and get 0 points.
You press <<U> and get 1 points.
You press <<",U,U,0,7,-0.314453125,"[{'token': 'U', 'prob': 0.73046875}, {'token': 'P', 'prob': 0.26953125}]"
10,"You are participating in multiple games involving two slot machines, labeled U and P.
You can choose a slot machine by pressing its corresponding key.When you select one of the machines, you will win 1 or 0 points.Your goal is to choose the slot machines that will give you the most points.You will receive feedback about the outcome after making a choice.
The environment may change unpredictably, and past success does not guarantee future results. You’ll need to adapt to these changes to keep finding the better machine.You will play 1 game in total, consisting of 100 trials. Game 1. There are 100 trials in this game.You press <<U> and get 1 points.
You press <<U> and get 1 points.
You press <<P> and get 0 points.
You press <<U> and get 1 points.
You press <<U> and get 0 points.
You press <<",P,U,1,8,-0.90234375,"[{'token': 'P', 'prob': 0.59375}, {'token': 'U', 'prob': 0.40625}]"
11,"You are participating in multiple games involving two slot machines, labeled U and P.
You can choose a slot machine by pressing its corresponding key.When you select one of the machines, you will win 1 or 0 points.Your goal is to choose the slot machines that will give you the most points.You will receive feedback about the outcome after making a choice.
The environment may change unpredictably, and past success does not guarantee future results. You’ll need to adapt to these changes to keep finding the better machine.You will play 1 game in total, consisting of 100 trials. Game 1. There are 100 trials in this game.You press <<U> and get 1 points.
You press <<P> and get 0 points.
You press <<U> and get 1 points.
You press <<U> and get 0 points.
You press <<U> and get 1 points.
You press <<",U,P,1,9,-0.9765625,"[{'token': 'U', 'prob': 0.62109375}, {'token': 'P', 'prob': 0.376953125}]"
12,"You are participating in multiple games involving two slot machines, labeled U and P.
You can choose a slot machine by pressing its corresponding key.When you select one of the machines, you will win 1 or 0 points.Your goal is to choose the slot machines that will give you the most points.You will receive feedback about the outcome after making a choice.
The environment may change unpredictably, and past success does not guarantee future results. You’ll need to adapt to these changes to keep finding the better machine.You will play 1 game in total, consisting of 100 trials. Game 1. There are 100 trials in this game.You press <<P> and get 0 points.
You press <<U> and get 1 points.
You press <<U> and get 0 points.
You press <<U> and get 1 points.
You press <<P> and get 1 points.
You press <<",P,U,1,10,-0.828125,"[{'token': 'P', 'prob': 0.5625}, {'token': 'U', 'prob': 0.4375}]"
13,"You are participating in multiple games involving two slot machines, labeled U and P.
You can choose a slot machine by pressing its corresponding key.When you select one of the machines, you will win 1 or 0 points.Your goal is to choose the slot machines that will give you the most points.You will receive feedback about the outcome after making a choice.
The environment may change unpredictably, and past success does not guarantee future results. You’ll need to adapt to these changes to keep finding the better machine.You will play 1 game in total, consisting of 100 trials. Game 1. There are 100 trials in this game.You press <<U> and get 1 points.
You press <<U> and get 0 points.
You press <<U> and get 1 points.
You press <<P> and get 1 points.
You press <<U> and get 1 points.
You press <<",P,P,0,10,-0.51953125,"[{'token': 'P', 'prob': 0.59375}, {'token': 'U', 'prob': 0.40625}]"
14,"You are participating in multiple games involving two slot machines, labeled U and P.
You can choose a slot machine by pressing its corresponding key.When you select one of the machines, you will win 1 or 0 points.Your goal is to choose the slot machines that will give you the most points.You will receive feedback about the outcome after making a choice.
The environment may change unpredictably, and past success does not guarantee future results. You’ll need to adapt to these changes to keep finding the better machine.You will play 1 game in total, consisting of 100 trials. Game 1. There are 100 trials in this game.You press <<U> and get 0 points.
You press <<U> and get 1 points.
You press <<P> and get 1 points.
You press <<U> and get 1 points.
You press <<P> and get 0 points.
You press <<",U,U,1,11,-0.34765625,"[{'token': 'U', 'prob': 0.70703125}, {'token': 'P', 'prob': 0.294921875}]"
15,"You are participating in multiple games involving two slot machines, labeled U and P.
You can choose a slot machine by pressing its corresponding key.When you select one of the machines, you will win 1 or 0 points.Your goal is to choose the slot machines that will give you the most points.You will receive feedback about the outcome after making a choice.
The environment may change unpredictably, and past success does not guarantee future results. You’ll need to adapt to these changes to keep finding the better machine.You will play 1 game in total, consisting of 100 trials. Game 1. There are 100 trials in this game.You press <<U> and get 1 points.
You press <<P> and get 1 points.
You press <<U> and get 1 points.
You press <<P> and get 0 points.
You press <<U> and get 1 points.
You press <<",P,U,1,12,-0.9765625,"[{'token': 'P', 'prob': 0.62109375}, {'token': 'U', 'prob': 0.376953125}]"
16,"You are participating in multiple games involving two slot machines, labeled U and P.
You can choose a slot machine by pressing its corresponding key.When you select one of the machines, you will win 1 or 0 points.Your goal is to choose the slot machines that will give you the most points.You will receive feedback about the outcome after making a choice.
The environment may change unpredictably, and past success does not guarantee future results. You’ll need to adapt to these changes to keep finding the better machine.You will play 1 game in total, consisting of 100 trials. Game 1. There are 100 trials in this game.You press <<P> and get 1 points.
You press <<U> and get 1 points.
You press <<P> and get 0 points.
You press <<U> and get 1 points.
You press <<U> and get 1 points.
You press <<",U,U,1,13,-0.57421875,"[{'token': 'U', 'prob': 0.5625}, {'token': 'P', 'prob': 0.4375}]"
17,"You are participating in multiple games involving two slot machines, labeled U and P.
You can choose a slot machine by pressing its corresponding key.When you select one of the machines, you will win 1 or 0 points.Your goal is to choose the slot machines that will give you the most points.You will receive feedback about the outcome after making a choice.
The environment may change unpredictably, and past success does not guarantee future results. You’ll need to adapt to these changes to keep finding the better machine.You will play 1 game in total, consisting of 100 trials. Game 1. There are 100 trials in this game.You press <<U> and get 1 points.
You press <<P> and get 0 points.
You press <<U> and get 1 points.
You press <<U> and get 1 points.
You press <<U> and get 1 points.
You press <<",U,U,1,14,-0.251953125,"[{'token': 'U', 'prob': 0.77734375}, {'token': 'P', 'prob': 0.22265625}]"
18,"You are participating in multiple games involving two slot machines, labeled U and P.
You can choose a slot machine by pressing its corresponding key.When you select one of the machines, you will win 1 or 0 points.Your goal is to choose the slot machines that will give you the most points.You will receive feedback about the outcome after making a choice.
The environment may change unpredictably, and past success does not guarantee future results. You’ll need to adapt to these changes to keep finding the better machine.You will play 1 game in total, consisting of 100 trials. Game 1. There are 100 trials in this game.You press <<P> and get 0 points.
You press <<U> and get 1 points.
You press <<U> and get 1 points.
You press <<U> and get 1 points.
You press <<U> and get 1 points.
You press <<",U,U,1,15,-0.203125,"[{'token': 'U', 'prob': 0.81640625}, {'token': 'P', 'prob': 0.1826171875}]"
19,"You are participating in multiple games involving two slot machines, labeled U and P.
You can choose a slot machine by pressing its corresponding key.When you select one of the machines, you will win 1 or 0 points.Your goal is to choose the slot machines that will give you the most points.You will receive feedback about the outcome after making a choice.
The environment may change unpredictably, and past success does not guarantee future results. You’ll need to adapt to these changes to keep finding the better machine.You will play 1 game in total, consisting of 100 trials. Game 1. There are 100 trials in this game.You press <<U> and get 1 points.
You press <<U> and get 1 points.
You press <<U> and get 1 points.
You press <<U> and get 1 points.
You press <<U> and get 1 points.
You press <<",U,U,1,16,-0.203125,"[{'token': 'U', 'prob': 0.81640625}, {'token': 'P', 'prob': 0.1826171875}]"
20,"You are participating in multiple games involving two slot machines, labeled U and P.
You can choose a slot machine by pressing its corresponding key.When you select one of the machines, you will win 1 or 0 points.Your goal is to choose the slot machines that will give you the most points.You will receive feedback about the outcome after making a choice.
The environment may change unpredictably, and past success does not guarantee future results. You’ll need to adapt to these changes to keep finding the better machine.You will play 1 game in total, consisting of 100 trials. Game 1. There are 100 trials in this game.You press <<U> and get 1 points.
You press <<U> and get 1 points.
You press <<U> and get 1 points.
You press <<U> and get 1 points.
You press <<U> and get 1 points.
You press <<",U,U,1,17,-0.203125,"[{'token': 'U', 'prob': 0.81640625}, {'token': 'P', 'prob': 0.1826171875}]"
21,"You are participating in multiple games involving two slot machines, labeled U and P.
You can choose a slot machine by pressing its corresponding key.When you select one of the machines, you will win 1 or 0 points.Your goal is to choose the slot machines that will give you the most points.You will receive feedback about the outcome after making a choice.
The environment may change unpredictably, and past success does not guarantee future results. You’ll need to adapt to these changes to keep finding the better machine.You will play 1 game in total, consisting of 100 trials. Game 1. There are 100 trials in this game.You press <<U> and get 1 points.
You press <<U> and get 1 points.
You press <<U> and get 1 points.
You press <<U> and get 1 points.
You press <<U> and get 1 points.
You press <<",U,U,1,18,-0.203125,"[{'token': 'U', 'prob': 0.81640625}, {'token': 'P', 'prob': 0.1826171875}]"
22,"You are participating in multiple games involving two slot machines, labeled U and P.
You can choose a slot machine by pressing its corresponding key.When you select one of the machines, you will win 1 or 0 points.Your goal is to choose the slot machines that will give you the most points.You will receive feedback about the outcome after making a choice.
The environment may change unpredictably, and past success does not guarantee future results. You’ll need to adapt to these changes to keep finding the better machine.You will play 1 game in total, consisting of 100 trials. Game 1. There are 100 trials in this game.You press <<U> and get 1 points.
You press <<U> and get 1 points.
You press <<U> and get 1 points.
You press <<U> and get 1 points.
You press <<U> and get 1 points.
You press <<",U,P,0,18,-1.703125,"[{'token': 'U', 'prob': 0.81640625}, {'token': 'P', 'prob': 0.1826171875}]"
23,"You are participating in multiple games involving two slot machines, labeled U and P.
You can choose a slot machine by pressing its corresponding key.When you select one of the machines, you will win 1 or 0 points.Your goal is to choose the slot machines that will give you the most points.You will receive feedback about the outcome after making a choice.
The environment may change unpredictably, and past success does not guarantee future results. You’ll need to adapt to these changes to keep finding the better machine.You will play 1 game in total, consisting of 100 trials. Game 1. There are 100 trials in this game.You press <<U> and get 1 points.
You press <<U> and get 1 points.
You press <<U> and get 1 points.
You press <<U> and get 1 points.
You press <<P> and get 0 points.
You press <<",U,U,1,19,-0.314453125,"[{'token': 'U', 'prob': 0.73046875}, {'token': 'P', 'prob': 0.26953125}]"
24,"You are participating in multiple games involving two slot machines, labeled U and P.
You can choose a slot machine by pressing its corresponding key.When you select one of the machines, you will win 1 or 0 points.Your goal is to choose the slot machines that will give you the most points.You will receive feedback about the outcome after making a choice.
The environment may change unpredictably, and past success does not guarantee future results. You’ll need to adapt to these changes to keep finding the better machine.You will play 1 game in total, consisting of 100 trials. Game 1. There are 100 trials in this game.You press <<U> and get 1 points.
You press <<U> and get 1 points.
You press <<U> and get 1 points.
You press <<P> and get 0 points.
You press <<U> and get 1 points.
You press <<",U,U,1,20,-0.314453125,"[{'token': 'U', 'prob': 0.73046875}, {'token': 'P', 'prob': 0.26953125}]"
25,"You are participating in multiple games involving two slot machines, labeled U and P.
You can choose a slot machine by pressing its corresponding key.When you select one of the machines, you will win 1 or 0 points.Your goal is to choose the slot machines that will give you the most points.You will receive feedback about the outcome after making a choice.
The environment may change unpredictably, and past success does not guarantee future results. You’ll need to adapt to these changes to keep finding the better machine.You will play 1 game in total, consisting of 100 trials. Game 1. There are 100 trials in this game.You press <<U> and get 1 points.
You press <<U> and get 1 points.
You press <<P> and get 0 points.
You press <<U> and get 1 points.
You press <<U> and get 1 points.
You press <<",U,U,1,21,-0.34765625,"[{'token': 'U', 'prob': 0.70703125}, {'token': 'P', 'prob': 0.294921875}]"
26,"You are participating in multiple games involving two slot machines, labeled U and P.
You can choose a slot machine by pressing its corresponding key.When you select one of the machines, you will win 1 or 0 points.Your goal is to choose the slot machines that will give you the most points.You will receive feedback about the outcome after making a choice.
The environment may change unpredictably, and past success does not guarantee future results. You’ll need to adapt to these changes to keep finding the better machine.You will play 1 game in total, consisting of 100 trials. Game 1. There are 100 trials in this game.You press <<U> and get 1 points.
You press <<P> and get 0 points.
You press <<U> and get 1 points.
You press <<U> and get 1 points.
You press <<U> and get 1 points.
You press <<",U,U,1,22,-0.251953125,"[{'token': 'U', 'prob': 0.77734375}, {'token': 'P', 'prob': 0.22265625}]"
27,"You are participating in multiple games involving two slot machines, labeled U and P.
You can choose a slot machine by pressing its corresponding key.When you select one of the machines, you will win 1 or 0 points.Your goal is to choose the slot machines that will give you the most points.You will receive feedback about the outcome after making a choice.
The environment may change unpredictably, and past success does not guarantee future results. You’ll need to adapt to these changes to keep finding the better machine.You will play 1 game in total, consisting of 100 trials. Game 1. There are 100 trials in this game.You press <<P> and get 0 points.
You press <<U> and get 1 points.
You press <<U> and get 1 points.
You press <<U> and get 1 points.
You press <<U> and get 1 points.
You press <<",U,U,1,23,-0.203125,"[{'token': 'U', 'prob': 0.81640625}, {'token': 'P', 'prob': 0.1826171875}]"
28,"You are participating in multiple games involving two slot machines, labeled U and P.
You can choose a slot machine by pressing its corresponding key.When you select one of the machines, you will win 1 or 0 points.Your goal is to choose the slot machines that will give you the most points.You will receive feedback about the outcome after making a choice.
The environment may change unpredictably, and past success does not guarantee future results. You’ll need to adapt to these changes to keep finding the better machine.You will play 1 game in total, consisting of 100 trials. Game 1. There are 100 trials in this game.You press <<U> and get 1 points.
You press <<U> and get 1 points.
You press <<U> and get 1 points.
You press <<U> and get 1 points.
You press <<U> and get 1 points.
You press <<",U,U,1,24,-0.203125,"[{'token': 'U', 'prob': 0.81640625}, {'token': 'P', 'prob': 0.1826171875}]"
29,"You are participating in multiple games involving two slot machines, labeled U and P.
You can choose a slot machine by pressing its corresponding key.When you select one of the machines, you will win 1 or 0 points.Your goal is to choose the slot machines that will give you the most points.You will receive feedback about the outcome after making a choice.
The environment may change unpredictably, and past success does not guarantee future results. You’ll need to adapt to these changes to keep finding the better machine.You will play 1 game in total, consisting of 100 trials. Game 1. There are 100 trials in this game.You press <<U> and get 1 points.
You press <<U> and get 1 points.
You press <<U> and get 1 points.
You press <<U> and get 1 points.
You press <<U> and get 1 points.
You press <<",U,U,1,25,-0.203125,"[{'token': 'U', 'prob': 0.81640625}, {'token': 'P', 'prob': 0.1826171875}]"
30,"You are participating in multiple games involving two slot machines, labeled U and P.
You can choose a slot machine by pressing its corresponding key.When you select one of the machines, you will win 1 or 0 points.Your goal is to choose the slot machines that will give you the most points.You will receive feedback about the outcome after making a choice.
The environment may change unpredictably, and past success does not guarantee future results. You’ll need to adapt to these changes to keep finding the better machine.You will play 1 game in total, consisting of 100 trials. Game 1. There are 100 trials in this game.You press <<U> and get 1 points.
You press <<U> and get 1 points.
You press <<U> and get 1 points.
You press <<U> and get 1 points.
You press <<U> and get 1 points.
You press <<",U,U,1,26,-0.203125,"[{'token': 'U', 'prob': 0.81640625}, {'token': 'P', 'prob': 0.1826171875}]"
31,"You are participating in multiple games involving two slot machines, labeled U and P.
You can choose a slot machine by pressing its corresponding key.When you select one of the machines, you will win 1 or 0 points.Your goal is to choose the slot machines that will give you the most points.You will receive feedback about the outcome after making a choice.
The environment may change unpredictably, and past success does not guarantee future results. You’ll need to adapt to these changes to keep finding the better machine.You will play 1 game in total, consisting of 100 trials. Game 1. There are 100 trials in this game.You press <<U> and get 1 points.
You press <<U> and get 1 points.
You press <<U> and get 1 points.
You press <<U> and get 1 points.
You press <<U> and get 1 points.
You press <<",U,U,1,27,-0.203125,"[{'token': 'U', 'prob': 0.81640625}, {'token': 'P', 'prob': 0.1826171875}]"
32,"You are participating in multiple games involving two slot machines, labeled U and P.
You can choose a slot machine by pressing its corresponding key.When you select one of the machines, you will win 1 or 0 points.Your goal is to choose the slot machines that will give you the most points.You will receive feedback about the outcome after making a choice.
The environment may change unpredictably, and past success does not guarantee future results. You’ll need to adapt to these changes to keep finding the better machine.You will play 1 game in total, consisting of 100 trials. Game 1. There are 100 trials in this game.You press <<U> and get 1 points.
You press <<U> and get 1 points.
You press <<U> and get 1 points.
You press <<U> and get 1 points.
You press <<U> and get 1 points.
You press <<",U,U,1,28,-0.203125,"[{'token': 'U', 'prob': 0.81640625}, {'token': 'P', 'prob': 0.1826171875}]"
33,"You are participating in multiple games involving two slot machines, labeled U and P.
You can choose a slot machine by pressing its corresponding key.When you select one of the machines, you will win 1 or 0 points.Your goal is to choose the slot machines that will give you the most points.You will receive feedback about the outcome after making a choice.
The environment may change unpredictably, and past success does not guarantee future results. You’ll need to adapt to these changes to keep finding the better machine.You will play 1 game in total, consisting of 100 trials. Game 1. There are 100 trials in this game.You press <<U> and get 1 points.
You press <<U> and get 1 points.
You press <<U> and get 1 points.
You press <<U> and get 1 points.
You press <<U> and get 1 points.
You press <<",U,U,1,29,-0.203125,"[{'token': 'U', 'prob': 0.81640625}, {'token': 'P', 'prob': 0.1826171875}]"
34,"You are participating in multiple games involving two slot machines, labeled U and P.
You can choose a slot machine by pressing its corresponding key.When you select one of the machines, you will win 1 or 0 points.Your goal is to choose the slot machines that will give you the most points.You will receive feedback about the outcome after making a choice.
The environment may change unpredictably, and past success does not guarantee future results. You’ll need to adapt to these changes to keep finding the better machine.You will play 1 game in total, consisting of 100 trials. Game 1. There are 100 trials in this game.You press <<U> and get 1 points.
You press <<U> and get 1 points.
You press <<U> and get 1 points.
You press <<U> and get 1 points.
You press <<U> and get 1 points.
You press <<",U,U,1,30,-0.203125,"[{'token': 'U', 'prob': 0.81640625}, {'token': 'P', 'prob': 0.1826171875}]"
35,"You are participating in multiple games involving two slot machines, labeled U and P.
You can choose a slot machine by pressing its corresponding key.When you select one of the machines, you will win 1 or 0 points.Your goal is to choose the slot machines that will give you the most points.You will receive feedback about the outcome after making a choice.
The environment may change unpredictably, and past success does not guarantee future results. You’ll need to adapt to these changes to keep finding the better machine.You will play 1 game in total, consisting of 100 trials. Game 1. There are 100 trials in this game.You press <<U> and get 1 points.
You press <<U> and get 1 points.
You press <<U> and get 1 points.
You press <<U> and get 1 points.
You press <<U> and get 1 points.
You press <<",U,U,1,31,-0.203125,"[{'token': 'U', 'prob': 0.81640625}, {'token': 'P', 'prob': 0.1826171875}]"
36,"You are participating in multiple games involving two slot machines, labeled U and P.
You can choose a slot machine by pressing its corresponding key.When you select one of the machines, you will win 1 or 0 points.Your goal is to choose the slot machines that will give you the most points.You will receive feedback about the outcome after making a choice.
The environment may change unpredictably, and past success does not guarantee future results. You’ll need to adapt to these changes to keep finding the better machine.You will play 1 game in total, consisting of 100 trials. Game 1. There are 100 trials in this game.You press <<U> and get 1 points.
You press <<U> and get 1 points.
You press <<U> and get 1 points.
You press <<U> and get 1 points.
You press <<U> and get 1 points.
You press <<",U,U,1,32,-0.203125,"[{'token': 'U', 'prob': 0.81640625}, {'token': 'P', 'prob': 0.1826171875}]"
37,"You are participating in multiple games involving two slot machines, labeled U and P.
You can choose a slot machine by pressing its corresponding key.When you select one of the machines, you will win 1 or 0 points.Your goal is to choose the slot machines that will give you the most points.You will receive feedback about the outcome after making a choice.
The environment may change unpredictably, and past success does not guarantee future results. You’ll need to adapt to these changes to keep finding the better machine.You will play 1 game in total, consisting of 100 trials. Game 1. There are 100 trials in this game.You press <<U> and get 1 points.
You press <<U> and get 1 points.
You press <<U> and get 1 points.
You press <<U> and get 1 points.
You press <<U> and get 1 points.
You press <<",U,U,1,33,-0.203125,"[{'token': 'U', 'prob': 0.81640625}, {'token': 'P', 'prob': 0.1826171875}]"
38,"You are participating in multiple games involving two slot machines, labeled U and P.
You can choose a slot machine by pressing its corresponding key.When you select one of the machines, you will win 1 or 0 points.Your goal is to choose the slot machines that will give you the most points.You will receive feedback about the outcome after making a choice.
The environment may change unpredictably, and past success does not guarantee future results. You’ll need to adapt to these changes to keep finding the better machine.You will play 1 game in total, consisting of 100 trials. Game 1. There are 100 trials in this game.You press <<U> and get 1 points.
You press <<U> and get 1 points.
You press <<U> and get 1 points.
You press <<U> and get 1 points.
You press <<U> and get 1 points.
You press <<",U,U,1,34,-0.203125,"[{'token': 'U', 'prob': 0.81640625}, {'token': 'P', 'prob': 0.1826171875}]"
39,"You are participating in multiple games involving two slot machines, labeled U and P.
You can choose a slot machine by pressing its corresponding key.When you select one of the machines, you will win 1 or 0 points.Your goal is to choose the slot machines that will give you the most points.You will receive feedback about the outcome after making a choice.
The environment may change unpredictably, and past success does not guarantee future results. You’ll need to adapt to these changes to keep finding the better machine.You will play 1 game in total, consisting of 100 trials. Game 1. There are 100 trials in this game.You press <<U> and get 1 points.
You press <<U> and get 1 points.
You press <<U> and get 1 points.
You press <<U> and get 1 points.
You press <<U> and get 1 points.
You press <<",U,U,1,35,-0.203125,"[{'token': 'U', 'prob': 0.81640625}, {'token': 'P', 'prob': 0.1826171875}]"
40,"You are participating in multiple games involving two slot machines, labeled U and P.
You can choose a slot machine by pressing its corresponding key.When you select one of the machines, you will win 1 or 0 points.Your goal is to choose the slot machines that will give you the most points.You will receive feedback about the outcome after making a choice.
The environment may change unpredictably, and past success does not guarantee future results. You’ll need to adapt to these changes to keep finding the better machine.You will play 1 game in total, consisting of 100 trials. Game 1. There are 100 trials in this game.You press <<U> and get 1 points.
You press <<U> and get 1 points.
You press <<U> and get 1 points.
You press <<U> and get 1 points.
You press <<U> and get 1 points.
You press <<",U,U,1,36,-0.203125,"[{'token': 'U', 'prob': 0.81640625}, {'token': 'P', 'prob': 0.1826171875}]"
41,"You are participating in multiple games involving two slot machines, labeled U and P.
You can choose a slot machine by pressing its corresponding key.When you select one of the machines, you will win 1 or 0 points.Your goal is to choose the slot machines that will give you the most points.You will receive feedback about the outcome after making a choice.
The environment may change unpredictably, and past success does not guarantee future results. You’ll need to adapt to these changes to keep finding the better machine.You will play 1 game in total, consisting of 100 trials. Game 1. There are 100 trials in this game.You press <<U> and get 1 points.
You press <<U> and get 1 points.
You press <<U> and get 1 points.
You press <<U> and get 1 points.
You press <<U> and get 1 points.
You press <<",U,U,1,37,-0.203125,"[{'token': 'U', 'prob': 0.81640625}, {'token': 'P', 'prob': 0.1826171875}]"
42,"You are participating in multiple games involving two slot machines, labeled U and P.
You can choose a slot machine by pressing its corresponding key.When you select one of the machines, you will win 1 or 0 points.Your goal is to choose the slot machines that will give you the most points.You will receive feedback about the outcome after making a choice.
The environment may change unpredictably, and past success does not guarantee future results. You’ll need to adapt to these changes to keep finding the better machine.You will play 1 game in total, consisting of 100 trials. Game 1. There are 100 trials in this game.You press <<U> and get 1 points.
You press <<U> and get 1 points.
You press <<U> and get 1 points.
You press <<U> and get 1 points.
You press <<U> and get 1 points.
You press <<",U,P,1,38,-1.703125,"[{'token': 'U', 'prob': 0.81640625}, {'token': 'P', 'prob': 0.1826171875}]"
43,"You are participating in multiple games involving two slot machines, labeled U and P.
You can choose a slot machine by pressing its corresponding key.When you select one of the machines, you will win 1 or 0 points.Your goal is to choose the slot machines that will give you the most points.You will receive feedback about the outcome after making a choice.
The environment may change unpredictably, and past success does not guarantee future results. You’ll need to adapt to these changes to keep finding the better machine.You will play 1 game in total, consisting of 100 trials. Game 1. There are 100 trials in this game.You press <<U> and get 1 points.
You press <<U> and get 1 points.
You press <<U> and get 1 points.
You press <<U> and get 1 points.
You press <<P> and get 1 points.
You press <<",P,U,1,39,-0.828125,"[{'token': 'P', 'prob': 0.5625}, {'token': 'U', 'prob': 0.4375}]"
44,"You are participating in multiple games involving two slot machines, labeled U and P.
You can choose a slot machine by pressing its corresponding key.When you select one of the machines, you will win 1 or 0 points.Your goal is to choose the slot machines that will give you the most points.You will receive feedback about the outcome after making a choice.
The environment may change unpredictably, and past success does not guarantee future results. You’ll need to adapt to these changes to keep finding the better machine.You will play 1 game in total, consisting of 100 trials. Game 1. There are 100 trials in this game.You press <<U> and get 1 points.
You press <<U> and get 1 points.
You press <<U> and get 1 points.
You press <<P> and get 1 points.
You press <<U> and get 1 points.
You press <<",P,P,1,40,-0.6328125,"[{'token': 'P', 'prob': 0.53125}, {'token': 'U', 'prob': 0.46875}]"
45,"You are participating in multiple games involving two slot machines, labeled U and P.
You can choose a slot machine by pressing its corresponding key.When you select one of the machines, you will win 1 or 0 points.Your goal is to choose the slot machines that will give you the most points.You will receive feedback about the outcome after making a choice.
The environment may change unpredictably, and past success does not guarantee future results. You’ll need to adapt to these changes to keep finding the better machine.You will play 1 game in total, consisting of 100 trials. Game 1. There are 100 trials in this game.You press <<U> and get 1 points.
You press <<U> and get 1 points.
You press <<P> and get 1 points.
You press <<U> and get 1 points.
You press <<P> and get 1 points.
You press <<",U,U,1,41,-0.4765625,"[{'token': 'U', 'prob': 0.62109375}, {'token': 'P', 'prob': 0.376953125}]"
46,"You are participating in multiple games involving two slot machines, labeled U and P.
You can choose a slot machine by pressing its corresponding key.When you select one of the machines, you will win 1 or 0 points.Your goal is to choose the slot machines that will give you the most points.You will receive feedback about the outcome after making a choice.
The environment may change unpredictably, and past success does not guarantee future results. You’ll need to adapt to these changes to keep finding the better machine.You will play 1 game in total, consisting of 100 trials. Game 1. There are 100 trials in this game.You press <<U> and get 1 points.
You press <<P> and get 1 points.
You press <<U> and get 1 points.
You press <<P> and get 1 points.
You press <<U> and get 1 points.
You press <<",P,U,1,42,-1.5,"[{'token': 'P', 'prob': 0.77734375}, {'token': 'U', 'prob': 0.22265625}]"
47,"You are participating in multiple games involving two slot machines, labeled U and P.
You can choose a slot machine by pressing its corresponding key.When you select one of the machines, you will win 1 or 0 points.Your goal is to choose the slot machines that will give you the most points.You will receive feedback about the outcome after making a choice.
The environment may change unpredictably, and past success does not guarantee future results. You’ll need to adapt to these changes to keep finding the better machine.You will play 1 game in total, consisting of 100 trials. Game 1. There are 100 trials in this game.You press <<P> and get 1 points.
You press <<U> and get 1 points.
You press <<P> and get 1 points.
You press <<U> and get 1 points.
You press <<U> and get 1 points.
You press <<",P,U,1,43,-0.9765625,"[{'token': 'P', 'prob': 0.62109375}, {'token': 'U', 'prob': 0.376953125}]"
48,"You are participating in multiple games involving two slot machines, labeled U and P.
You can choose a slot machine by pressing its corresponding key.When you select one of the machines, you will win 1 or 0 points.Your goal is to choose the slot machines that will give you the most points.You will receive feedback about the outcome after making a choice.
The environment may change unpredictably, and past success does not guarantee future results. You’ll need to adapt to these changes to keep finding the better machine.You will play 1 game in total, consisting of 100 trials. Game 1. There are 100 trials in this game.You press <<U> and get 1 points.
You press <<P> and get 1 points.
You press <<U> and get 1 points.
You press <<U> and get 1 points.
You press <<U> and get 1 points.
You press <<",U,P,0,43,-0.9765625,"[{'token': 'U', 'prob': 0.62109375}, {'token': 'P', 'prob': 0.376953125}]"
49,"You are participating in multiple games involving two slot machines, labeled U and P.
You can choose a slot machine by pressing its corresponding key.When you select one of the machines, you will win 1 or 0 points.Your goal is to choose the slot machines that will give you the most points.You will receive feedback about the outcome after making a choice.
The environment may change unpredictably, and past success does not guarantee future results. You’ll need to adapt to these changes to keep finding the better machine.You will play 1 game in total, consisting of 100 trials. Game 1. There are 100 trials in this game.You press <<P> and get 1 points.
You press <<U> and get 1 points.
You press <<U> and get 1 points.
You press <<U> and get 1 points.
You press <<P> and get 0 points.
You press <<",U,U,1,44,-0.427734375,"[{'token': 'U', 'prob': 0.65234375}, {'token': 'P', 'prob': 0.34765625}]"
50,"You are participating in multiple games involving two slot machines, labeled U and P.
You can choose a slot machine by pressing its corresponding key.When you select one of the machines, you will win 1 or 0 points.Your goal is to choose the slot machines that will give you the most points.You will receive feedback about the outcome after making a choice.
The environment may change unpredictably, and past success does not guarantee future results. You’ll need to adapt to these changes to keep finding the better machine.You will play 1 game in total, consisting of 100 trials. Game 1. There are 100 trials in this game.You press <<U> and get 1 points.
You press <<U> and get 1 points.
You press <<U> and get 1 points.
You press <<P> and get 0 points.
You press <<U> and get 1 points.
You press <<",U,U,1,45,-0.314453125,"[{'token': 'U', 'prob': 0.73046875}, {'token': 'P', 'prob': 0.26953125}]"
51,"You are participating in multiple games involving two slot machines, labeled U and P.
You can choose a slot machine by pressing its corresponding key.When you select one of the machines, you will win 1 or 0 points.Your goal is to choose the slot machines that will give you the most points.You will receive feedback about the outcome after making a choice.
The environment may change unpredictably, and past success does not guarantee future results. You’ll need to adapt to these changes to keep finding the better machine.You will play 1 game in total, consisting of 100 trials. Game 1. There are 100 trials in this game.You press <<U> and get 1 points.
You press <<U> and get 1 points.
You press <<P> and get 0 points.
You press <<U> and get 1 points.
You press <<U> and get 1 points.
You press <<",U,U,1,46,-0.34765625,"[{'token': 'U', 'prob': 0.70703125}, {'token': 'P', 'prob': 0.294921875}]"
52,"You are participating in multiple games involving two slot machines, labeled U and P.
You can choose a slot machine by pressing its corresponding key.When you select one of the machines, you will win 1 or 0 points.Your goal is to choose the slot machines that will give you the most points.You will receive feedback about the outcome after making a choice.
The environment may change unpredictably, and past success does not guarantee future results. You’ll need to adapt to these changes to keep finding the better machine.You will play 1 game in total, consisting of 100 trials. Game 1. There are 100 trials in this game.You press <<U> and get 1 points.
You press <<P> and get 0 points.
You press <<U> and get 1 points.
You press <<U> and get 1 points.
You press <<U> and get 1 points.
You press <<",U,U,0,46,-0.251953125,"[{'token': 'U', 'prob': 0.77734375}, {'token': 'P', 'prob': 0.22265625}]"
53,"You are participating in multiple games involving two slot machines, labeled U and P.
You can choose a slot machine by pressing its corresponding key.When you select one of the machines, you will win 1 or 0 points.Your goal is to choose the slot machines that will give you the most points.You will receive feedback about the outcome after making a choice.
The environment may change unpredictably, and past success does not guarantee future results. You’ll need to adapt to these changes to keep finding the better machine.You will play 1 game in total, consisting of 100 trials. Game 1. There are 100 trials in this game.You press <<P> and get 0 points.
You press <<U> and get 1 points.
You press <<U> and get 1 points.
You press <<U> and get 1 points.
You press <<U> and get 0 points.
You press <<",P,U,0,46,-0.7578125,"[{'token': 'P', 'prob': 0.53125}, {'token': 'U', 'prob': 0.46875}]"
54,"You are participating in multiple games involving two slot machines, labeled U and P.
You can choose a slot machine by pressing its corresponding key.When you select one of the machines, you will win 1 or 0 points.Your goal is to choose the slot machines that will give you the most points.You will receive feedback about the outcome after making a choice.
The environment may change unpredictably, and past success does not guarantee future results. You’ll need to adapt to these changes to keep finding the better machine.You will play 1 game in total, consisting of 100 trials. Game 1. There are 100 trials in this game.You press <<U> and get 1 points.
You press <<U> and get 1 points.
You press <<U> and get 1 points.
You press <<U> and get 0 points.
You press <<U> and get 0 points.
You press <<",U,P,1,47,-1.140625,"[{'token': 'U', 'prob': 0.6796875}, {'token': 'P', 'prob': 0.3203125}]"
55,"You are participating in multiple games involving two slot machines, labeled U and P.
You can choose a slot machine by pressing its corresponding key.When you select one of the machines, you will win 1 or 0 points.Your goal is to choose the slot machines that will give you the most points.You will receive feedback about the outcome after making a choice.
The environment may change unpredictably, and past success does not guarantee future results. You’ll need to adapt to these changes to keep finding the better machine.You will play 1 game in total, consisting of 100 trials. Game 1. There are 100 trials in this game.You press <<U> and get 1 points.
You press <<U> and get 1 points.
You press <<U> and get 0 points.
You press <<U> and get 0 points.
You press <<P> and get 1 points.
You press <<",P,P,1,48,-0.34765625,"[{'token': 'P', 'prob': 0.70703125}, {'token': 'U', 'prob': 0.294921875}]"
56,"You are participating in multiple games involving two slot machines, labeled U and P.
You can choose a slot machine by pressing its corresponding key.When you select one of the machines, you will win 1 or 0 points.Your goal is to choose the slot machines that will give you the most points.You will receive feedback about the outcome after making a choice.
The environment may change unpredictably, and past success does not guarantee future results. You’ll need to adapt to these changes to keep finding the better machine.You will play 1 game in total, consisting of 100 trials. Game 1. There are 100 trials in this game.You press <<U> and get 1 points.
You press <<U> and get 0 points.
You press <<U> and get 0 points.
You press <<P> and get 1 points.
You press <<P> and get 1 points.
You press <<",P,P,1,49,-0.283203125,"[{'token': 'P', 'prob': 0.75390625}, {'token': 'U', 'prob': 0.2451171875}]"
57,"You are participating in multiple games involving two slot machines, labeled U and P.
You can choose a slot machine by pressing its corresponding key.When you select one of the machines, you will win 1 or 0 points.Your goal is to choose the slot machines that will give you the most points.You will receive feedback about the outcome after making a choice.
The environment may change unpredictably, and past success does not guarantee future results. You’ll need to adapt to these changes to keep finding the better machine.You will play 1 game in total, consisting of 100 trials. Game 1. There are 100 trials in this game.You press <<U> and get 0 points.
You press <<U> and get 0 points.
You press <<P> and get 1 points.
You press <<P> and get 1 points.
You press <<P> and get 1 points.
You press <<",P,P,1,50,-0.283203125,"[{'token': 'P', 'prob': 0.75390625}, {'token': 'U', 'prob': 0.2451171875}]"
58,"You are participating in multiple games involving two slot machines, labeled U and P.
You can choose a slot machine by pressing its corresponding key.When you select one of the machines, you will win 1 or 0 points.Your goal is to choose the slot machines that will give you the most points.You will receive feedback about the outcome after making a choice.
The environment may change unpredictably, and past success does not guarantee future results. You’ll need to adapt to these changes to keep finding the better machine.You will play 1 game in total, consisting of 100 trials. Game 1. There are 100 trials in this game.You press <<U> and get 0 points.
You press <<P> and get 1 points.
You press <<P> and get 1 points.
You press <<P> and get 1 points.
You press <<P> and get 1 points.
You press <<",P,U,0,50,-1.90625,"[{'token': 'P', 'prob': 0.8515625}, {'token': 'U', 'prob': 0.1484375}]"
59,"You are participating in multiple games involving two slot machines, labeled U and P.
You can choose a slot machine by pressing its corresponding key.When you select one of the machines, you will win 1 or 0 points.Your goal is to choose the slot machines that will give you the most points.You will receive feedback about the outcome after making a choice.
The environment may change unpredictably, and past success does not guarantee future results. You’ll need to adapt to these changes to keep finding the better machine.You will play 1 game in total, consisting of 100 trials. Game 1. There are 100 trials in this game.You press <<P> and get 1 points.
You press <<P> and get 1 points.
You press <<P> and get 1 points.
You press <<P> and get 1 points.
You press <<U> and get 0 points.
You press <<",P,P,1,51,-0.283203125,"[{'token': 'P', 'prob': 0.75390625}, {'token': 'U', 'prob': 0.2451171875}]"
60,"You are participating in multiple games involving two slot machines, labeled U and P.
You can choose a slot machine by pressing its corresponding key.When you select one of the machines, you will win 1 or 0 points.Your goal is to choose the slot machines that will give you the most points.You will receive feedback about the outcome after making a choice.
The environment may change unpredictably, and past success does not guarantee future results. You’ll need to adapt to these changes to keep finding the better machine.You will play 1 game in total, consisting of 100 trials. Game 1. There are 100 trials in this game.You press <<P> and get 1 points.
You press <<P> and get 1 points.
You press <<P> and get 1 points.
You press <<U> and get 0 points.
You press <<P> and get 1 points.
You press <<",P,P,1,52,-0.251953125,"[{'token': 'P', 'prob': 0.77734375}, {'token': 'U', 'prob': 0.22265625}]"
61,"You are participating in multiple games involving two slot machines, labeled U and P.
You can choose a slot machine by pressing its corresponding key.When you select one of the machines, you will win 1 or 0 points.Your goal is to choose the slot machines that will give you the most points.You will receive feedback about the outcome after making a choice.
The environment may change unpredictably, and past success does not guarantee future results. You’ll need to adapt to these changes to keep finding the better machine.You will play 1 game in total, consisting of 100 trials. Game 1. There are 100 trials in this game.You press <<P> and get 1 points.
You press <<P> and get 1 points.
You press <<U> and get 0 points.
You press <<P> and get 1 points.
You press <<P> and get 1 points.
You press <<",P,P,1,53,-0.283203125,"[{'token': 'P', 'prob': 0.75390625}, {'token': 'U', 'prob': 0.2451171875}]"
62,"You are participating in multiple games involving two slot machines, labeled U and P.
You can choose a slot machine by pressing its corresponding key.When you select one of the machines, you will win 1 or 0 points.Your goal is to choose the slot machines that will give you the most points.You will receive feedback about the outcome after making a choice.
The environment may change unpredictably, and past success does not guarantee future results. You’ll need to adapt to these changes to keep finding the better machine.You will play 1 game in total, consisting of 100 trials. Game 1. There are 100 trials in this game.You press <<P> and get 1 points.
You press <<U> and get 0 points.
You press <<P> and get 1 points.
You press <<P> and get 1 points.
You press <<P> and get 1 points.
You press <<",P,U,1,54,-1.90625,"[{'token': 'P', 'prob': 0.8515625}, {'token': 'U', 'prob': 0.1484375}]"
63,"You are participating in multiple games involving two slot machines, labeled U and P.
You can choose a slot machine by pressing its corresponding key.When you select one of the machines, you will win 1 or 0 points.Your goal is to choose the slot machines that will give you the most points.You will receive feedback about the outcome after making a choice.
The environment may change unpredictably, and past success does not guarantee future results. You’ll need to adapt to these changes to keep finding the better machine.You will play 1 game in total, consisting of 100 trials. Game 1. There are 100 trials in this game.You press <<U> and get 0 points.
You press <<P> and get 1 points.
You press <<P> and get 1 points.
You press <<P> and get 1 points.
You press <<U> and get 1 points.
You press <<",P,P,1,55,-0.51953125,"[{'token': 'P', 'prob': 0.59375}, {'token': 'U', 'prob': 0.40625}]"
64,"You are participating in multiple games involving two slot machines, labeled U and P.
You can choose a slot machine by pressing its corresponding key.When you select one of the machines, you will win 1 or 0 points.Your goal is to choose the slot machines that will give you the most points.You will receive feedback about the outcome after making a choice.
The environment may change unpredictably, and past success does not guarantee future results. You’ll need to adapt to these changes to keep finding the better machine.You will play 1 game in total, consisting of 100 trials. Game 1. There are 100 trials in this game.You press <<P> and get 1 points.
You press <<P> and get 1 points.
You press <<P> and get 1 points.
You press <<U> and get 1 points.
You press <<P> and get 1 points.
You press <<",P,U,0,55,-0.69140625,"[{'token': 'U', 'prob': 0.5}, {'token': 'P', 'prob': 0.5}]"
65,"You are participating in multiple games involving two slot machines, labeled U and P.
You can choose a slot machine by pressing its corresponding key.When you select one of the machines, you will win 1 or 0 points.Your goal is to choose the slot machines that will give you the most points.You will receive feedback about the outcome after making a choice.
The environment may change unpredictably, and past success does not guarantee future results. You’ll need to adapt to these changes to keep finding the better machine.You will play 1 game in total, consisting of 100 trials. Game 1. There are 100 trials in this game.You press <<P> and get 1 points.
You press <<P> and get 1 points.
You press <<U> and get 1 points.
You press <<P> and get 1 points.
You press <<U> and get 0 points.
You press <<",P,P,1,56,-0.251953125,"[{'token': 'P', 'prob': 0.77734375}, {'token': 'U', 'prob': 0.22265625}]"
66,"You are participating in multiple games involving two slot machines, labeled U and P.
You can choose a slot machine by pressing its corresponding key.When you select one of the machines, you will win 1 or 0 points.Your goal is to choose the slot machines that will give you the most points.You will receive feedback about the outcome after making a choice.
The environment may change unpredictably, and past success does not guarantee future results. You’ll need to adapt to these changes to keep finding the better machine.You will play 1 game in total, consisting of 100 trials. Game 1. There are 100 trials in this game.You press <<P> and get 1 points.
You press <<U> and get 1 points.
You press <<P> and get 1 points.
You press <<U> and get 0 points.
You press <<P> and get 1 points.
You press <<",U,P,1,57,-0.828125,"[{'token': 'U', 'prob': 0.5625}, {'token': 'P', 'prob': 0.4375}]"
67,"You are participating in multiple games involving two slot machines, labeled U and P.
You can choose a slot machine by pressing its corresponding key.When you select one of the machines, you will win 1 or 0 points.Your goal is to choose the slot machines that will give you the most points.You will receive feedback about the outcome after making a choice.
The environment may change unpredictably, and past success does not guarantee future results. You’ll need to adapt to these changes to keep finding the better machine.You will play 1 game in total, consisting of 100 trials. Game 1. There are 100 trials in this game.You press <<U> and get 1 points.
You press <<P> and get 1 points.
You press <<U> and get 0 points.
You press <<P> and get 1 points.
You press <<P> and get 1 points.
You press <<",P,P,1,58,-0.6328125,"[{'token': 'P', 'prob': 0.53125}, {'token': 'U', 'prob': 0.46875}]"
68,"You are participating in multiple games involving two slot machines, labeled U and P.
You can choose a slot machine by pressing its corresponding key.When you select one of the machines, you will win 1 or 0 points.Your goal is to choose the slot machines that will give you the most points.You will receive feedback about the outcome after making a choice.
The environment may change unpredictably, and past success does not guarantee future results. You’ll need to adapt to these changes to keep finding the better machine.You will play 1 game in total, consisting of 100 trials. Game 1. There are 100 trials in this game.You press <<P> and get 1 points.
You press <<U> and get 0 points.
You press <<P> and get 1 points.
You press <<P> and get 1 points.
You press <<P> and get 1 points.
You press <<",P,P,1,59,-0.1611328125,"[{'token': 'P', 'prob': 0.8515625}, {'token': 'U', 'prob': 0.1484375}]"
69,"You are participating in multiple games involving two slot machines, labeled U and P.
You can choose a slot machine by pressing its corresponding key.When you select one of the machines, you will win 1 or 0 points.Your goal is to choose the slot machines that will give you the most points.You will receive feedback about the outcome after making a choice.
The environment may change unpredictably, and past success does not guarantee future results. You’ll need to adapt to these changes to keep finding the better machine.You will play 1 game in total, consisting of 100 trials. Game 1. There are 100 trials in this game.You press <<U> and get 0 points.
You press <<P> and get 1 points.
You press <<P> and get 1 points.
You press <<P> and get 1 points.
You press <<P> and get 1 points.
You press <<",P,P,1,60,-0.1611328125,"[{'token': 'P', 'prob': 0.8515625}, {'token': 'U', 'prob': 0.1484375}]"
70,"You are participating in multiple games involving two slot machines, labeled U and P.
You can choose a slot machine by pressing its corresponding key.When you select one of the machines, you will win 1 or 0 points.Your goal is to choose the slot machines that will give you the most points.You will receive feedback about the outcome after making a choice.
The environment may change unpredictably, and past success does not guarantee future results. You’ll need to adapt to these changes to keep finding the better machine.You will play 1 game in total, consisting of 100 trials. Game 1. There are 100 trials in this game.You press <<P> and get 1 points.
You press <<P> and get 1 points.
You press <<P> and get 1 points.
You press <<P> and get 1 points.
You press <<P> and get 1 points.
You press <<",P,P,1,61,-0.1611328125,"[{'token': 'P', 'prob': 0.8515625}, {'token': 'U', 'prob': 0.1484375}]"
71,"You are participating in multiple games involving two slot machines, labeled U and P.
You can choose a slot machine by pressing its corresponding key.When you select one of the machines, you will win 1 or 0 points.Your goal is to choose the slot machines that will give you the most points.You will receive feedback about the outcome after making a choice.
The environment may change unpredictably, and past success does not guarantee future results. You’ll need to adapt to these changes to keep finding the better machine.You will play 1 game in total, consisting of 100 trials. Game 1. There are 100 trials in this game.You press <<P> and get 1 points.
You press <<P> and get 1 points.
You press <<P> and get 1 points.
You press <<P> and get 1 points.
You press <<P> and get 1 points.
You press <<",P,P,1,62,-0.1611328125,"[{'token': 'P', 'prob': 0.8515625}, {'token': 'U', 'prob': 0.1484375}]"
72,"You are participating in multiple games involving two slot machines, labeled U and P.
You can choose a slot machine by pressing its corresponding key.When you select one of the machines, you will win 1 or 0 points.Your goal is to choose the slot machines that will give you the most points.You will receive feedback about the outcome after making a choice.
The environment may change unpredictably, and past success does not guarantee future results. You’ll need to adapt to these changes to keep finding the better machine.You will play 1 game in total, consisting of 100 trials. Game 1. There are 100 trials in this game.You press <<P> and get 1 points.
You press <<P> and get 1 points.
You press <<P> and get 1 points.
You press <<P> and get 1 points.
You press <<P> and get 1 points.
You press <<",P,P,1,63,-0.1611328125,"[{'token': 'P', 'prob': 0.8515625}, {'token': 'U', 'prob': 0.1484375}]"
73,"You are participating in multiple games involving two slot machines, labeled U and P.
You can choose a slot machine by pressing its corresponding key.When you select one of the machines, you will win 1 or 0 points.Your goal is to choose the slot machines that will give you the most points.You will receive feedback about the outcome after making a choice.
The environment may change unpredictably, and past success does not guarantee future results. You’ll need to adapt to these changes to keep finding the better machine.You will play 1 game in total, consisting of 100 trials. Game 1. There are 100 trials in this game.You press <<P> and get 1 points.
You press <<P> and get 1 points.
You press <<P> and get 1 points.
You press <<P> and get 1 points.
You press <<P> and get 1 points.
You press <<",P,P,1,64,-0.1611328125,"[{'token': 'P', 'prob': 0.8515625}, {'token': 'U', 'prob': 0.1484375}]"
74,"You are participating in multiple games involving two slot machines, labeled U and P.
You can choose a slot machine by pressing its corresponding key.When you select one of the machines, you will win 1 or 0 points.Your goal is to choose the slot machines that will give you the most points.You will receive feedback about the outcome after making a choice.
The environment may change unpredictably, and past success does not guarantee future results. You’ll need to adapt to these changes to keep finding the better machine.You will play 1 game in total, consisting of 100 trials. Game 1. There are 100 trials in this game.You press <<P> and get 1 points.
You press <<P> and get 1 points.
You press <<P> and get 1 points.
You press <<P> and get 1 points.
You press <<P> and get 1 points.
You press <<",P,P,1,65,-0.1611328125,"[{'token': 'P', 'prob': 0.8515625}, {'token': 'U', 'prob': 0.1484375}]"
75,"You are participating in multiple games involving two slot machines, labeled U and P.
You can choose a slot machine by pressing its corresponding key.When you select one of the machines, you will win 1 or 0 points.Your goal is to choose the slot machines that will give you the most points.You will receive feedback about the outcome after making a choice.
The environment may change unpredictably, and past success does not guarantee future results. You’ll need to adapt to these changes to keep finding the better machine.You will play 1 game in total, consisting of 100 trials. Game 1. There are 100 trials in this game.You press <<P> and get 1 points.
You press <<P> and get 1 points.
You press <<P> and get 1 points.
You press <<P> and get 1 points.
You press <<P> and get 1 points.
You press <<",P,P,1,66,-0.1611328125,"[{'token': 'P', 'prob': 0.8515625}, {'token': 'U', 'prob': 0.1484375}]"
76,"You are participating in multiple games involving two slot machines, labeled U and P.
You can choose a slot machine by pressing its corresponding key.When you select one of the machines, you will win 1 or 0 points.Your goal is to choose the slot machines that will give you the most points.You will receive feedback about the outcome after making a choice.
The environment may change unpredictably, and past success does not guarantee future results. You’ll need to adapt to these changes to keep finding the better machine.You will play 1 game in total, consisting of 100 trials. Game 1. There are 100 trials in this game.You press <<P> and get 1 points.
You press <<P> and get 1 points.
You press <<P> and get 1 points.
You press <<P> and get 1 points.
You press <<P> and get 1 points.
You press <<",P,P,1,67,-0.1611328125,"[{'token': 'P', 'prob': 0.8515625}, {'token': 'U', 'prob': 0.1484375}]"
77,"You are participating in multiple games involving two slot machines, labeled U and P.
You can choose a slot machine by pressing its corresponding key.When you select one of the machines, you will win 1 or 0 points.Your goal is to choose the slot machines that will give you the most points.You will receive feedback about the outcome after making a choice.
The environment may change unpredictably, and past success does not guarantee future results. You’ll need to adapt to these changes to keep finding the better machine.You will play 1 game in total, consisting of 100 trials. Game 1. There are 100 trials in this game.You press <<P> and get 1 points.
You press <<P> and get 1 points.
You press <<P> and get 1 points.
You press <<P> and get 1 points.
You press <<P> and get 1 points.
You press <<",P,P,1,68,-0.1611328125,"[{'token': 'P', 'prob': 0.8515625}, {'token': 'U', 'prob': 0.1484375}]"
78,"You are participating in multiple games involving two slot machines, labeled U and P.
You can choose a slot machine by pressing its corresponding key.When you select one of the machines, you will win 1 or 0 points.Your goal is to choose the slot machines that will give you the most points.You will receive feedback about the outcome after making a choice.
The environment may change unpredictably, and past success does not guarantee future results. You’ll need to adapt to these changes to keep finding the better machine.You will play 1 game in total, consisting of 100 trials. Game 1. There are 100 trials in this game.You press <<P> and get 1 points.
You press <<P> and get 1 points.
You press <<P> and get 1 points.
You press <<P> and get 1 points.
You press <<P> and get 1 points.
You press <<",P,P,1,69,-0.1611328125,"[{'token': 'P', 'prob': 0.8515625}, {'token': 'U', 'prob': 0.1484375}]"
79,"You are participating in multiple games involving two slot machines, labeled U and P.
You can choose a slot machine by pressing its corresponding key.When you select one of the machines, you will win 1 or 0 points.Your goal is to choose the slot machines that will give you the most points.You will receive feedback about the outcome after making a choice.
The environment may change unpredictably, and past success does not guarantee future results. You’ll need to adapt to these changes to keep finding the better machine.You will play 1 game in total, consisting of 100 trials. Game 1. There are 100 trials in this game.You press <<P> and get 1 points.
You press <<P> and get 1 points.
You press <<P> and get 1 points.
You press <<P> and get 1 points.
You press <<P> and get 1 points.
You press <<",P,P,1,70,-0.1611328125,"[{'token': 'P', 'prob': 0.8515625}, {'token': 'U', 'prob': 0.1484375}]"
80,"You are participating in multiple games involving two slot machines, labeled U and P.
You can choose a slot machine by pressing its corresponding key.When you select one of the machines, you will win 1 or 0 points.Your goal is to choose the slot machines that will give you the most points.You will receive feedback about the outcome after making a choice.
The environment may change unpredictably, and past success does not guarantee future results. You’ll need to adapt to these changes to keep finding the better machine.You will play 1 game in total, consisting of 100 trials. Game 1. There are 100 trials in this game.You press <<P> and get 1 points.
You press <<P> and get 1 points.
You press <<P> and get 1 points.
You press <<P> and get 1 points.
You press <<P> and get 1 points.
You press <<",P,P,1,71,-0.1611328125,"[{'token': 'P', 'prob': 0.8515625}, {'token': 'U', 'prob': 0.1484375}]"
81,"You are participating in multiple games involving two slot machines, labeled U and P.
You can choose a slot machine by pressing its corresponding key.When you select one of the machines, you will win 1 or 0 points.Your goal is to choose the slot machines that will give you the most points.You will receive feedback about the outcome after making a choice.
The environment may change unpredictably, and past success does not guarantee future results. You’ll need to adapt to these changes to keep finding the better machine.You will play 1 game in total, consisting of 100 trials. Game 1. There are 100 trials in this game.You press <<P> and get 1 points.
You press <<P> and get 1 points.
You press <<P> and get 1 points.
You press <<P> and get 1 points.
You press <<P> and get 1 points.
You press <<",P,U,0,71,-1.90625,"[{'token': 'P', 'prob': 0.8515625}, {'token': 'U', 'prob': 0.1484375}]"
82,"You are participating in multiple games involving two slot machines, labeled U and P.
You can choose a slot machine by pressing its corresponding key.When you select one of the machines, you will win 1 or 0 points.Your goal is to choose the slot machines that will give you the most points.You will receive feedback about the outcome after making a choice.
The environment may change unpredictably, and past success does not guarantee future results. You’ll need to adapt to these changes to keep finding the better machine.You will play 1 game in total, consisting of 100 trials. Game 1. There are 100 trials in this game.You press <<P> and get 1 points.
You press <<P> and get 1 points.
You press <<P> and get 1 points.
You press <<P> and get 1 points.
You press <<U> and get 0 points.
You press <<",P,P,1,72,-0.283203125,"[{'token': 'P', 'prob': 0.75390625}, {'token': 'U', 'prob': 0.2451171875}]"
83,"You are participating in multiple games involving two slot machines, labeled U and P.
You can choose a slot machine by pressing its corresponding key.When you select one of the machines, you will win 1 or 0 points.Your goal is to choose the slot machines that will give you the most points.You will receive feedback about the outcome after making a choice.
The environment may change unpredictably, and past success does not guarantee future results. You’ll need to adapt to these changes to keep finding the better machine.You will play 1 game in total, consisting of 100 trials. Game 1. There are 100 trials in this game.You press <<P> and get 1 points.
You press <<P> and get 1 points.
You press <<P> and get 1 points.
You press <<U> and get 0 points.
You press <<P> and get 1 points.
You press <<",P,U,0,72,-1.5,"[{'token': 'P', 'prob': 0.77734375}, {'token': 'U', 'prob': 0.22265625}]"
84,"You are participating in multiple games involving two slot machines, labeled U and P.
You can choose a slot machine by pressing its corresponding key.When you select one of the machines, you will win 1 or 0 points.Your goal is to choose the slot machines that will give you the most points.You will receive feedback about the outcome after making a choice.
The environment may change unpredictably, and past success does not guarantee future results. You’ll need to adapt to these changes to keep finding the better machine.You will play 1 game in total, consisting of 100 trials. Game 1. There are 100 trials in this game.You press <<P> and get 1 points.
You press <<P> and get 1 points.
You press <<U> and get 0 points.
You press <<P> and get 1 points.
You press <<U> and get 0 points.
You press <<",P,P,1,73,-0.2275390625,"[{'token': 'P', 'prob': 0.796875}, {'token': 'U', 'prob': 0.2021484375}]"
85,"You are participating in multiple games involving two slot machines, labeled U and P.
You can choose a slot machine by pressing its corresponding key.When you select one of the machines, you will win 1 or 0 points.Your goal is to choose the slot machines that will give you the most points.You will receive feedback about the outcome after making a choice.
The environment may change unpredictably, and past success does not guarantee future results. You’ll need to adapt to these changes to keep finding the better machine.You will play 1 game in total, consisting of 100 trials. Game 1. There are 100 trials in this game.You press <<P> and get 1 points.
You press <<U> and get 0 points.
You press <<P> and get 1 points.
You press <<U> and get 0 points.
You press <<P> and get 1 points.
You press <<",P,P,1,74,-0.6328125,"[{'token': 'P', 'prob': 0.53125}, {'token': 'U', 'prob': 0.46875}]"
86,"You are participating in multiple games involving two slot machines, labeled U and P.
You can choose a slot machine by pressing its corresponding key.When you select one of the machines, you will win 1 or 0 points.Your goal is to choose the slot machines that will give you the most points.You will receive feedback about the outcome after making a choice.
The environment may change unpredictably, and past success does not guarantee future results. You’ll need to adapt to these changes to keep finding the better machine.You will play 1 game in total, consisting of 100 trials. Game 1. There are 100 trials in this game.You press <<U> and get 0 points.
You press <<P> and get 1 points.
You press <<U> and get 0 points.
You press <<P> and get 1 points.
You press <<P> and get 1 points.
You press <<",P,P,1,75,-0.427734375,"[{'token': 'P', 'prob': 0.65234375}, {'token': 'U', 'prob': 0.34765625}]"
87,"You are participating in multiple games involving two slot machines, labeled U and P.
You can choose a slot machine by pressing its corresponding key.When you select one of the machines, you will win 1 or 0 points.Your goal is to choose the slot machines that will give you the most points.You will receive feedback about the outcome after making a choice.
The environment may change unpredictably, and past success does not guarantee future results. You’ll need to adapt to these changes to keep finding the better machine.You will play 1 game in total, consisting of 100 trials. Game 1. There are 100 trials in this game.You press <<P> and get 1 points.
You press <<U> and get 0 points.
You press <<P> and get 1 points.
You press <<P> and get 1 points.
You press <<P> and get 1 points.
You press <<",P,P,1,76,-0.1611328125,"[{'token': 'P', 'prob': 0.8515625}, {'token': 'U', 'prob': 0.1484375}]"
88,"You are participating in multiple games involving two slot machines, labeled U and P.
You can choose a slot machine by pressing its corresponding key.When you select one of the machines, you will win 1 or 0 points.Your goal is to choose the slot machines that will give you the most points.You will receive feedback about the outcome after making a choice.
The environment may change unpredictably, and past success does not guarantee future results. You’ll need to adapt to these changes to keep finding the better machine.You will play 1 game in total, consisting of 100 trials. Game 1. There are 100 trials in this game.You press <<U> and get 0 points.
You press <<P> and get 1 points.
You press <<P> and get 1 points.
You press <<P> and get 1 points.
You press <<P> and get 1 points.
You press <<",P,P,0,76,-0.1611328125,"[{'token': 'P', 'prob': 0.8515625}, {'token': 'U', 'prob': 0.1484375}]"
89,"You are participating in multiple games involving two slot machines, labeled U and P.
You can choose a slot machine by pressing its corresponding key.When you select one of the machines, you will win 1 or 0 points.Your goal is to choose the slot machines that will give you the most points.You will receive feedback about the outcome after making a choice.
The environment may change unpredictably, and past success does not guarantee future results. You’ll need to adapt to these changes to keep finding the better machine.You will play 1 game in total, consisting of 100 trials. Game 1. There are 100 trials in this game.You press <<P> and get 1 points.
You press <<P> and get 1 points.
You press <<P> and get 1 points.
You press <<P> and get 1 points.
You press <<P> and get 0 points.
You press <<",P,P,1,77,-0.38671875,"[{'token': 'P', 'prob': 0.6796875}, {'token': 'U', 'prob': 0.3203125}]"
90,"You are participating in multiple games involving two slot machines, labeled U and P.
You can choose a slot machine by pressing its corresponding key.When you select one of the machines, you will win 1 or 0 points.Your goal is to choose the slot machines that will give you the most points.You will receive feedback about the outcome after making a choice.
The environment may change unpredictably, and past success does not guarantee future results. You’ll need to adapt to these changes to keep finding the better machine.You will play 1 game in total, consisting of 100 trials. Game 1. There are 100 trials in this game.You press <<P> and get 1 points.
You press <<P> and get 1 points.
You press <<P> and get 1 points.
You press <<P> and get 0 points.
You press <<P> and get 1 points.
You press <<",P,U,0,77,-1.6015625,"[{'token': 'P', 'prob': 0.796875}, {'token': 'U', 'prob': 0.2021484375}]"
91,"You are participating in multiple games involving two slot machines, labeled U and P.
You can choose a slot machine by pressing its corresponding key.When you select one of the machines, you will win 1 or 0 points.Your goal is to choose the slot machines that will give you the most points.You will receive feedback about the outcome after making a choice.
The environment may change unpredictably, and past success does not guarantee future results. You’ll need to adapt to these changes to keep finding the better machine.You will play 1 game in total, consisting of 100 trials. Game 1. There are 100 trials in this game.You press <<P> and get 1 points.
You press <<P> and get 1 points.
You press <<P> and get 0 points.
You press <<P> and get 1 points.
You press <<U> and get 0 points.
You press <<",P,U,0,77,-1.0546875,"[{'token': 'P', 'prob': 0.65234375}, {'token': 'U', 'prob': 0.34765625}]"
92,"You are participating in multiple games involving two slot machines, labeled U and P.
You can choose a slot machine by pressing its corresponding key.When you select one of the machines, you will win 1 or 0 points.Your goal is to choose the slot machines that will give you the most points.You will receive feedback about the outcome after making a choice.
The environment may change unpredictably, and past success does not guarantee future results. You’ll need to adapt to these changes to keep finding the better machine.You will play 1 game in total, consisting of 100 trials. Game 1. There are 100 trials in this game.You press <<P> and get 1 points.
You press <<P> and get 0 points.
You press <<P> and get 1 points.
You press <<U> and get 0 points.
You press <<U> and get 0 points.
You press <<",P,U,0,77,-0.69140625,"[{'token': 'U', 'prob': 0.5}, {'token': 'P', 'prob': 0.5}]"
93,"You are participating in multiple games involving two slot machines, labeled U and P.
You can choose a slot machine by pressing its corresponding key.When you select one of the machines, you will win 1 or 0 points.Your goal is to choose the slot machines that will give you the most points.You will receive feedback about the outcome after making a choice.
The environment may change unpredictably, and past success does not guarantee future results. You’ll need to adapt to these changes to keep finding the better machine.You will play 1 game in total, consisting of 100 trials. Game 1. There are 100 trials in this game.You press <<P> and get 0 points.
You press <<P> and get 1 points.
You press <<U> and get 0 points.
You press <<U> and get 0 points.
You press <<U> and get 0 points.
You press <<",P,P,1,78,-0.6328125,"[{'token': 'P', 'prob': 0.53125}, {'token': 'U', 'prob': 0.46875}]"
94,"You are participating in multiple games involving two slot machines, labeled U and P.
You can choose a slot machine by pressing its corresponding key.When you select one of the machines, you will win 1 or 0 points.Your goal is to choose the slot machines that will give you the most points.You will receive feedback about the outcome after making a choice.
The environment may change unpredictably, and past success does not guarantee future results. You’ll need to adapt to these changes to keep finding the better machine.You will play 1 game in total, consisting of 100 trials. Game 1. There are 100 trials in this game.You press <<P> and get 1 points.
You press <<U> and get 0 points.
You press <<U> and get 0 points.
You press <<U> and get 0 points.
You press <<P> and get 1 points.
You press <<",P,P,1,79,-0.38671875,"[{'token': 'P', 'prob': 0.6796875}, {'token': 'U', 'prob': 0.3203125}]"
95,"You are participating in multiple games involving two slot machines, labeled U and P.
You can choose a slot machine by pressing its corresponding key.When you select one of the machines, you will win 1 or 0 points.Your goal is to choose the slot machines that will give you the most points.You will receive feedback about the outcome after making a choice.
The environment may change unpredictably, and past success does not guarantee future results. You’ll need to adapt to these changes to keep finding the better machine.You will play 1 game in total, consisting of 100 trials. Game 1. There are 100 trials in this game.You press <<U> and get 0 points.
You press <<U> and get 0 points.
You press <<U> and get 0 points.
You press <<P> and get 1 points.
You press <<P> and get 1 points.
You press <<",P,P,1,80,-0.2275390625,"[{'token': 'P', 'prob': 0.796875}, {'token': 'U', 'prob': 0.2021484375}]"
96,"You are participating in multiple games involving two slot machines, labeled U and P.
You can choose a slot machine by pressing its corresponding key.When you select one of the machines, you will win 1 or 0 points.Your goal is to choose the slot machines that will give you the most points.You will receive feedback about the outcome after making a choice.
The environment may change unpredictably, and past success does not guarantee future results. You’ll need to adapt to these changes to keep finding the better machine.You will play 1 game in total, consisting of 100 trials. Game 1. There are 100 trials in this game.You press <<U> and get 0 points.
You press <<U> and get 0 points.
You press <<P> and get 1 points.
You press <<P> and get 1 points.
You press <<P> and get 1 points.
You press <<",P,P,1,81,-0.283203125,"[{'token': 'P', 'prob': 0.75390625}, {'token': 'U', 'prob': 0.2451171875}]"
97,"You are participating in multiple games involving two slot machines, labeled U and P.
You can choose a slot machine by pressing its corresponding key.When you select one of the machines, you will win 1 or 0 points.Your goal is to choose the slot machines that will give you the most points.You will receive feedback about the outcome after making a choice.
The environment may change unpredictably, and past success does not guarantee future results. You’ll need to adapt to these changes to keep finding the better machine.You will play 1 game in total, consisting of 100 trials. Game 1. There are 100 trials in this game.You press <<U> and get 0 points.
You press <<P> and get 1 points.
You press <<P> and get 1 points.
You press <<P> and get 1 points.
You press <<P> and get 1 points.
You press <<",P,P,1,82,-0.1611328125,"[{'token': 'P', 'prob': 0.8515625}, {'token': 'U', 'prob': 0.1484375}]"
98,"You are participating in multiple games involving two slot machines, labeled U and P.
You can choose a slot machine by pressing its corresponding key.When you select one of the machines, you will win 1 or 0 points.Your goal is to choose the slot machines that will give you the most points.You will receive feedback about the outcome after making a choice.
The environment may change unpredictably, and past success does not guarantee future results. You’ll need to adapt to these changes to keep finding the better machine.You will play 1 game in total, consisting of 100 trials. Game 1. There are 100 trials in this game.You press <<P> and get 1 points.
You press <<P> and get 1 points.
You press <<P> and get 1 points.
You press <<P> and get 1 points.
You press <<P> and get 1 points.
You press <<",P,P,1,83,-0.1611328125,"[{'token': 'P', 'prob': 0.8515625}, {'token': 'U', 'prob': 0.1484375}]"
99,"You are participating in multiple games involving two slot machines, labeled U and P.
You can choose a slot machine by pressing its corresponding key.When you select one of the machines, you will win 1 or 0 points.Your goal is to choose the slot machines that will give you the most points.You will receive feedback about the outcome after making a choice.
The environment may change unpredictably, and past success does not guarantee future results. You’ll need to adapt to these changes to keep finding the better machine.You will play 1 game in total, consisting of 100 trials. Game 1. There are 100 trials in this game.You press <<P> and get 1 points.
You press <<P> and get 1 points.
You press <<P> and get 1 points.
You press <<P> and get 1 points.
You press <<P> and get 1 points.
You press <<",P,P,1,84,-0.1611328125,"[{'token': 'P', 'prob': 0.8515625}, {'token': 'U', 'prob': 0.1484375}]"
